base_id	adequacao_a_coletanea_human_high	adequacao_a_coletanea_human_low	adequacao_a_coletanea_gemini_low_mirror	adequacao_a_coletanea_gpt_low_mirror	adequacao_a_norma_padrao_human_high	adequacao_a_norma_padrao_human_low	adequacao_a_norma_padrao_gemini_low_mirror	adequacao_a_norma_padrao_gpt_low_mirror	adequacao_ao_tema_human_high	adequacao_ao_tema_human_low	adequacao_ao_tema_gemini_low_mirror	adequacao_ao_tema_gpt_low_mirror	adequacao_ao_tipo_de_texto_human_high	adequacao_ao_tipo_de_texto_human_low	adequacao_ao_tipo_de_texto_gemini_low_mirror	adequacao_ao_tipo_de_texto_gpt_low_mirror	coerencia_human_high	coerencia_human_low	coerencia_gemini_low_mirror	coerencia_gpt_low_mirror	coesao_human_high	coesao_human_low	coesao_gemini_low_mirror	coesao_gpt_low_mirror	pontuacao_total_human_high	pontuacao_total_human_low	pontuacao_total_gemini_low_mirror	pontuacao_total_gpt_low_mirror	gain_gemini_vs_human_low	gain_gpt_vs_human_low	diff_gpt_minus_gemini
32610		2.0	4.5	4.0		0.0	5.0	5.0		3.0	4.5	5.0		3.5	5.0	5.0		3.0	5.0	5.0		2.0	5.0	5.0		13.5	29.0	29.0	15.5	15.5	0.0
32674		2.0	4.0	4.0		0.0	5.0	5.0		3.0	4.0	5.0		3.0	5.0	5.0		2.0	4.0	5.0		2.0	5.0	5.0		12.0	27.0	29.0	15.0	17.0	2.0
32714		2.5	4.0	4.0		1.0	5.0	5.0		3.5	4.5	5.0		3.0	5.0	5.0		3.0	4.0	5.0		2.0	5.0	5.0		15.0	27.5	29.0	12.5	14.0	1.5
32733		2.0	4.0	5.0		0.0	5.0	5.0		3.0	4.5	5.0		3.0	5.0	5.0		3.0	5.0	5.0		3.0	5.0	5.0		14.0	28.5	30.0	14.5	16.0	1.5
32749		1.0	4.5	4.0		4.0	5.0	5.0		3.0	5.0	5.0		3.0	5.0	5.0		3.0	5.0	5.0		3.0	5.0	5.0		17.0	29.5	29.0	12.5	12.0	-0.5
32755		1.0	4.0	5.0		0.0	5.0	5.0		2.0	3.0	5.0		2.0	5.0	5.0		2.0	5.0	5.0		1.0	5.0	5.0		8.0	27.0	30.0	19.0	22.0	3.0
32757	2.5				3.0				2.5				3.5				4.0				3.5				19.0						
32782		3.0	4.0	5.0		2.0	5.0	5.0		3.5	5.0	5.0		4.0	5.0	5.0		3.5	5.0	5.0		3.5	5.0	5.0		19.5	29.0	30.0	9.5	10.5	1.0
32792		2.0	4.0	5.0		0.0	4.0	5.0		3.0	3.5	5.0		3.0	5.0	5.0		3.0	4.0	5.0		2.0	5.0	5.0		13.0	25.5	30.0	12.5	17.0	4.5
32860		3.0	5.0	5.0		1.0	5.0	5.0		4.0	5.0	5.0		3.0	4.5	5.0		2.0	5.0	5.0		2.0	5.0	5.0		15.0	29.5	30.0	14.5	15.0	0.5
32875	3.0				2.0				3.0				5.0				5.0				4.0				22.0						
33083	2.5				4.5				2.5				3.5				3.5				3.5				20.0						
33167		3.0	4.0	4.0		0.0	5.0	5.0		4.0	5.0	5.0		4.0	5.0	5.0		2.0	5.0	5.0		3.0	5.0	5.0		16.0	29.0	29.0	13.0	13.0	0.0
33228	3.0				0.0				3.0				4.0				4.0				4.0				18.0						
33310		2.0	4.5	4.5		4.0	5.0	5.0		3.0	5.0	4.5		4.0	5.0	5.0		5.0	5.0	5.0		4.0	5.0	5.0		22.0	29.5	29.0	7.5	7.0	-0.5
33360		3.0	5.0	5.0		0.0	5.0	5.0		4.0	5.0	5.0		4.0	5.0	5.0		3.0	5.0	5.0		2.0	5.0	5.0		16.0	30.0	30.0	14.0	14.0	0.0
33383	3.0				2.0				3.0				4.0				4.0				3.5				19.5						
33436		3.0	4.5	5.0		0.0	5.0	5.0		4.0	4.5	5.0		4.0	5.0	5.0		4.0	4.5	5.0		3.0	5.0	5.0		18.0	28.5	30.0	10.5	12.0	1.5
33465		2.5	4.0	4.0		0.0	5.0	5.0		3.0	3.5	4.0		3.0	5.0	5.0		3.0	5.0	5.0		2.5	5.0	5.0		14.0	27.5	28.0	13.5	14.0	0.5
33497		2.0	4.5	4.0		1.0	5.0	5.0		3.0	4.5	4.0		4.0	5.0	5.0		3.0	5.0	5.0		3.0	5.0	5.0		16.0	29.0	28.0	13.0	12.0	-1.0
33645		2.0	4.0	4.0		0.0	5.0	5.0		3.0	4.0	4.0		3.0	5.0	5.0		3.0	5.0	5.0		2.0	5.0	5.0		13.0	28.0	28.0	15.0	15.0	0.0
33669	2.5				3.0				3.0				4.0				4.0				4.0				20.5						
33787		1.0	5.0	4.5		1.0	5.0	5.0		1.0	5.0	5.0		2.0	5.0	5.0		1.0	5.0	5.0		3.0	5.0	5.0		9.0	30.0	29.5	21.0	20.5	-0.5
33789		2.0	4.0	4.5		0.0	5.0	5.0		3.0	4.5	5.0		3.0	5.0	5.0		2.0	5.0	5.0		2.0	5.0	5.0		12.0	28.5	29.5	16.5	17.5	1.0
33849	3.5				2.0				3.5				4.0				4.0				4.0				21.0						
33856		2.5	5.0	5.0		0.0	5.0	5.0		2.5	5.0	5.0		2.0	4.0	5.0		2.0	5.0	5.0		1.5	5.0	5.0		10.5	29.0	30.0	18.5	19.5	1.0
33862		3.0	4.0	5.0		0.0	5.0	5.0		4.0	4.5	5.0		3.0	4.0	5.0		3.0	5.0	5.0		2.0	5.0	5.0		15.0	27.5	30.0	12.5	15.0	2.5
33871		3.0	4.0	5.0		2.0	5.0	5.0		3.0	5.0	5.0		3.0	5.0	5.0		4.0	5.0	5.0		3.0	5.0	5.0		18.0	29.0	30.0	11.0	12.0	1.0
33879	4.0				2.0				3.5				4.0				4.0				3.0				20.5						
33890	3.0				4.0				3.0				4.0				4.0				5.0				23.0						
33895	4.0				1.0				4.0				4.5				4.0				4.0				21.5						
33914	2.5				3.0				3.0				4.0				4.0				3.0				19.5						
33927	4.0				4.0				3.0				4.0				4.0				4.0				23.0						
33948		2.0	4.0	4.0		0.0	5.0	5.0		3.0	5.0	5.0		3.0	5.0	5.0		3.0	5.0	5.0		2.0	5.0	5.0		13.0	29.0	29.0	16.0	16.0	0.0
33964		3.0	4.5	4.0		0.0	5.0	5.0		3.0	4.0	4.0		3.0	5.0	5.0		2.0	5.0	5.0		3.0	5.0	5.0		14.0	28.5	28.0	14.5	14.0	-0.5
33975	2.0				2.0				3.0				4.0				4.0				4.0				19.0						
33978	3.0				2.0				3.0				4.0				3.0				3.0				18.0						
33991	3.0				3.0				3.5				3.5				4.0				4.5				21.5						
33999	3.5				4.5				4.0				4.5				4.0				4.5				25.0						
34009		3.0	4.5	5.0		3.0	5.0	5.0		3.5	5.0	5.0		4.5	5.0	5.0		5.0	5.0	5.0		4.0	5.0	5.0		23.0	29.5	30.0	6.5	7.0	0.5
34025		2.0	5.0	5.0		3.0	5.0	5.0		3.0	5.0	5.0		4.0	5.0	5.0		3.0	5.0	5.0		4.0	5.0	5.0		19.0	30.0	30.0	11.0	11.0	0.0
34032	3.0				4.0				3.0				4.0				3.0				4.0				21.0						
34046		2.0	4.0	5.0		1.0	5.0	5.0		3.0	4.5	5.0		4.0	5.0	5.0		3.0	4.5	5.0		4.0	5.0	5.0		17.0	28.0	30.0	11.0	13.0	2.0
34050	4.0				4.0				4.5				4.0				4.0				4.0				24.5						
34084	4.5				4.0				4.0				4.0				4.0				4.0				24.5						
34086	4.0				3.0				3.0				4.5				4.0				4.0				22.5						
34096	3.0				3.0				3.0				4.0				4.0				3.0				20.0						
34116	4.0				5.0				5.0				5.0				5.0				5.0				29.0						
34148	3.5				2.0				4.0				4.0				3.0				3.0				19.5						
34175	4.0				5.0				4.0				5.0				5.0				5.0				28.0						
34185		2.0	4.0	4.0		0.0	5.0	5.0		3.0	4.5	4.0		4.0	5.0	5.0		4.0	5.0	5.0		3.0	5.0	5.0		16.0	28.5	28.0	12.5	12.0	-0.5
34210		3.0	4.0	4.0		0.0	5.0	5.0		4.0	4.0	4.0		3.5	5.0	5.0		4.0	5.0	5.0		2.0	5.0	5.0		16.5	28.0	28.0	11.5	11.5	0.0
34236		3.0	4.5	5.0		1.5	5.0	5.0		4.0	5.0	5.0		4.0	5.0	5.0		4.0	5.0	5.0		2.5	5.0	5.0		19.0	29.5	30.0	10.5	11.0	0.5
34251		2.0	4.5	4.0		0.0	5.0	5.0		3.0	5.0	4.5		4.0	5.0	5.0		3.0	5.0	5.0		2.0	5.0	5.0		14.0	29.5	28.5	15.5	14.5	-1.0
34273		2.0	4.5	4.0		0.0	5.0	5.0		3.0	5.0	5.0		4.0	5.0	5.0		3.0	5.0	5.0		2.0	4.0	5.0		14.0	28.5	29.0	14.5	15.0	0.5
34277	4.5				4.0				4.5				4.5				4.0				3.5				25.0						
34281	4.0				3.0				3.0				4.0				3.5				4.0				21.5						
34306	3.0				0.0				4.0				4.0				4.0				3.0				18.0						
34308		2.5	4.0	4.5		1.0	5.0	5.0		2.5	3.5	4.5		3.0	5.0	5.0		3.0	5.0	5.0		3.0	5.0	5.0		15.0	27.5	29.0	12.5	14.0	1.5
34353	2.5				0.0				3.0				3.0				2.0				2.0				12.5						
34356		2.0	4.5	5.0		0.0	5.0	5.0		3.0	5.0	5.0		3.0	5.0	5.0		3.0	5.0	5.0		2.5	5.0	5.0		13.5	29.5	30.0	16.0	16.5	0.5
34362		1.0	4.5	5.0		0.0	5.0	5.0		2.0	5.0	5.0		2.0	5.0	5.0		1.0	5.0	5.0		0.0	5.0	5.0		6.0	29.5	30.0	23.5	24.0	0.5
34381	3.0				3.0				3.5				4.0				3.0				3.0				19.5						
34419	3.5				3.0				3.5				4.5				4.0				4.0				22.5						
34461	3.5				0.0				3.5				4.0				2.0				2.0				15.0						
34511	5.0				2.0				4.0				4.0				4.0				3.0				22.0						
34537		2.5	4.0	5.0		0.0	5.0	5.0		3.0	3.5	5.0		3.5	5.0	5.0		4.0	5.0	5.0		3.0	5.0	5.0		16.0	27.5	30.0	11.5	14.0	2.5
34613		3.0	4.5	5.0		0.0	5.0	5.0		3.5	4.5	5.0		3.0	3.0	5.0		3.0	5.0	5.0		2.0	5.0	5.0		14.5	27.0	30.0	12.5	15.5	3.0
34616		2.0	4.0	4.5		1.0	5.0	5.0		3.0	4.0	4.5		3.0	5.0	5.0		3.0	5.0	5.0		2.0	5.0	5.0		14.0	28.0	29.0	14.0	15.0	1.0
34618		2.0	3.0	4.5		0.0	5.0	5.0		3.0	4.0	4.5		3.0	5.0	5.0		2.0	5.0	5.0		2.0	5.0	5.0		12.0	27.0	29.0	15.0	17.0	2.0
34637		2.0	4.0	5.0		0.0	5.0	5.0		3.0	4.0	5.0		3.0	5.0	5.0		2.0	5.0	5.0		2.0	5.0	5.0		12.0	28.0	30.0	16.0	18.0	2.0
34638		2.0	4.0	5.0		0.0	5.0	5.0		3.0	5.0	5.0		4.0	5.0	5.0		3.0	5.0	5.0		2.0	5.0	5.0		14.0	29.0	30.0	15.0	16.0	1.0
34641	4.0				3.0				4.0				5.0				5.0				4.0				25.0						
34642		2.0	4.0	5.0		2.0	5.0	5.0		3.0	4.0	5.0		3.0	5.0	5.0		4.0	5.0	5.0		3.0	5.0	5.0		17.0	28.0	30.0	11.0	13.0	2.0
34648	4.0				4.0				4.0				5.0				4.0				4.0				25.0						
34652	4.0				3.0				4.5				4.5				4.0				3.5				23.5						
34675	4.0				5.0				4.0				5.0				5.0				5.0				28.0						
34698	4.5				4.0				4.5				5.0				5.0				5.0				28.0						
34714		1.0	4.0	4.5		0.0	5.0	5.0		2.0	4.0	5.0		2.0	5.0	5.0		2.0	5.0	5.0		1.0	5.0	5.0		8.0	28.0	29.5	20.0	21.5	1.5
34717	4.5				4.0				4.5				5.0				5.0				5.0				28.0						
34726	3.0				5.0				4.0				4.0				5.0				5.0				26.0						
34743		2.0	4.0	4.0		0.0	5.0	5.0		3.0	4.0	4.0		3.0	5.0	5.0		3.0	5.0	5.0		3.0	5.0	5.0		14.0	28.0	28.0	14.0	14.0	0.0
34754	4.5				4.0				4.5				4.0				5.0				5.0				27.0						
34802	3.0				4.0				3.0				4.0				5.0				4.0				23.0						
34807		4.0	4.5	5.0		3.0	5.0	5.0		4.0	4.5	5.0		3.5	4.0	5.0		4.0	5.0	5.0		3.0	5.0	5.0		21.5	28.0	30.0	6.5	8.5	2.0
34811	4.0				5.0				4.0				4.0				4.0				5.0				26.0						
34813	3.5				4.0				3.0				4.0				5.0				4.0				23.5						
34823		3.0	4.0	5.0		0.0	4.0	5.0		3.0	3.0	5.0		4.0	5.0	5.0		2.0	5.0	5.0		2.0	5.0	5.0		14.0	26.0	30.0	12.0	16.0	4.0
34832	4.0				4.0				4.0				4.5				4.0				4.0				24.5						
34841	3.5				4.5				3.5				4.0				4.0				3.5				23.0						
34844	3.0				5.0				3.0				4.0				4.5				5.0				24.5						
34875	3.5				4.0				4.0				4.0				4.0				5.0				24.5						
34895		3.0	4.0	5.0		2.0	5.0	5.0		4.0	4.5	5.0		4.0	5.0	5.0		4.0	5.0	5.0		4.0	5.0	5.0		21.0	28.5	30.0	7.5	9.0	1.5
34901	3.5				3.0				4.0				4.5				4.0				4.0				23.0						
34967	4.0				2.0				4.5				5.0				4.0				4.0				23.5						
34971		2.0	4.5	4.0		1.0	5.0	5.0		3.0	5.0	5.0		4.0	5.0	5.0		3.0	5.0	5.0		3.0	5.0	5.0		16.0	29.5	29.0	13.5	13.0	-0.5
34994	3.0				3.0				3.5				4.5				5.0				5.0				24.0						
35019		2.0	4.5	4.0		2.0	5.0	5.0		3.0	5.0	5.0		3.0	5.0	5.0		3.0	5.0	5.0		3.0	5.0	5.0		16.0	29.5	29.0	13.5	13.0	-0.5
35028		2.0	4.0	4.5		0.0	5.0	5.0		3.0	4.5	5.0		3.0	5.0	5.0		3.0	5.0	5.0		3.0	5.0	5.0		14.0	28.5	29.5	14.5	15.5	1.0
35053	3.0				3.0				3.0				4.0				4.0				4.0				21.0						
35056		3.0	4.5	5.0		4.0	5.0	5.0		3.5	4.5	5.0		2.0	4.0	5.0		3.0	4.0	5.0		2.0	4.0	5.0		17.5	26.0	30.0	8.5	12.5	4.0
35071		4.0	4.0	5.0		3.0	5.0	5.0		3.0	5.0	5.0		4.0	5.0	5.0		4.0	5.0	5.0		4.0	5.0	5.0		22.0	29.0	30.0	7.0	8.0	1.0
35072		3.0	5.0	5.0		3.0	5.0	5.0		4.0	5.0	5.0		3.0	5.0	5.0		4.0	5.0	5.0		3.0	5.0	5.0		20.0	30.0	30.0	10.0	10.0	0.0
35077	2.5				4.0				3.0				4.0				4.0				4.0				21.5						
35100	3.0				4.0				4.0				4.0				5.0				4.0				24.0						
35121	3.5				4.0				4.0				2.5				4.0				3.0				21.0						
35125	2.0				4.0				3.0				4.0				4.0				3.0				20.0						
35126	3.0				5.0				3.5				4.0				5.0				5.0				25.5						
35131		2.0	4.0	5.0		2.0	5.0	5.0		3.0	4.0	5.0		3.0	5.0	5.0		3.0	5.0	5.0		4.0	5.0	5.0		17.0	28.0	30.0	11.0	13.0	2.0
35134	2.5				4.0				3.0				4.5				4.0				4.5				22.5						
35136		3.5	4.5	5.0		2.0	5.0	5.0		4.0	4.5	5.0		3.5	4.0	5.0		3.0	5.0	5.0		3.0	5.0	5.0		19.0	28.0	30.0	9.0	11.0	2.0
35163		4.0	4.5	5.0		2.0	5.0	5.0		4.0	4.5	5.0		3.5	5.0	5.0		2.5	5.0	5.0		3.0	5.0	5.0		19.0	29.0	30.0	10.0	11.0	1.0
35173		1.0	5.0	5.0		0.0	5.0	5.0		2.0	5.0	5.0		3.0	5.0	5.0		3.0	5.0	5.0		3.0	5.0	5.0		12.0	30.0	30.0	18.0	18.0	0.0
35198		1.5	4.0	4.0		1.0	5.0	5.0		2.0	4.0	5.0		3.0	5.0	5.0		2.0	4.5	5.0		2.0	5.0	5.0		11.5	27.5	29.0	16.0	17.5	1.5
35214		2.0	4.0	4.0		0.0	5.0	5.0		3.0	4.5	5.0		3.5	5.0	5.0		4.0	5.0	5.0		3.0	5.0	5.0		15.5	28.5	29.0	13.0	13.5	0.5
35217		1.0	4.0	5.0		2.0	5.0	5.0		1.5	4.0	5.0		3.0	5.0	5.0		3.0	4.0	5.0		3.0	5.0	5.0		13.5	27.0	30.0	13.5	16.5	3.0
35220		3.0	4.0	4.5		2.0	5.0	5.0		3.0	3.0	5.0		4.0	5.0	5.0		4.0	5.0	5.0		3.0	5.0	5.0		19.0	27.0	29.5	8.0	10.5	2.5
35228		2.0	4.0	5.0		0.0	5.0	5.0		3.0	4.0	5.0		4.0	5.0	5.0		3.0	4.0	4.5		3.0	5.0	5.0		15.0	27.0	29.5	12.0	14.5	2.5
35240	3.5				4.0				4.0				4.5				5.0				4.0				25.0						
35247	3.5				2.0				3.0				4.0				3.0				3.0				18.5						
35278		3.0	4.5	4.5		0.0	5.0	5.0		4.0	5.0	5.0		2.0	5.0	5.0		2.0	5.0	5.0		3.0	5.0	5.0		14.0	29.5	29.5	15.5	15.5	0.0
35291		2.0	4.5	5.0		2.0	5.0	5.0		3.0	5.0	5.0		3.5	5.0	5.0		4.0	5.0	5.0		3.0	5.0	5.0		17.5	29.5	30.0	12.0	12.5	0.5
35378	4.0				0.0				4.0				4.0				4.0				3.0				19.0						
35400	4.0				4.0				3.0				5.0				4.0				4.0				24.0						
35451	3.5				4.0				3.0				4.0				5.0				5.0				24.5						
35457		4.0	5.0	5.0		1.5	5.0	5.0		4.0	5.0	5.0		4.0	4.5	5.0		3.0	5.0	4.0		3.0	5.0	5.0		19.5	29.5	29.0	10.0	9.5	-0.5
35464	4.0				3.0				4.0				4.0				4.0				3.5				22.5						
35465		2.0	5.0	5.0		0.0	5.0	5.0		3.0	5.0	5.0		3.0	5.0	5.0		2.0	5.0	5.0		2.0	5.0	5.0		12.0	30.0	30.0	18.0	18.0	0.0
35482	4.0				4.0				3.5				4.0				4.0				3.5				23.0						
35485		3.0	4.5	5.0		0.0	5.0	5.0		3.0	4.0	5.0		3.0	5.0	5.0		2.0	5.0	5.0		1.0	5.0	5.0		12.0	28.5	30.0	16.5	18.0	1.5
35496	4.0				0.0				4.0				4.0				3.0				3.0				18.0						
35497	4.0				5.0				3.5				5.0				5.0				5.0				27.5						
35542	4.0				4.0				4.0				4.0				5.0				4.0				25.0						
35549		2.0	4.5	4.5		0.0	5.0	5.0		3.0	4.5	5.0		4.0	5.0	5.0		3.0	5.0	5.0		2.0	5.0	5.0		14.0	29.0	29.5	15.0	15.5	0.5
35577		2.0	5.0	4.5		0.0	5.0	5.0		3.0	5.0	4.5		3.0	5.0	5.0		3.0	5.0	5.0		2.0	5.0	5.0		13.0	30.0	29.0	17.0	16.0	-1.0
35633		4.5	5.0	5.0		2.0	5.0	5.0		4.5	5.0	5.0		4.0	5.0	5.0		4.0	5.0	5.0		4.0	5.0	5.0		23.0	30.0	30.0	7.0	7.0	0.0
35647	4.0				3.0				4.0				4.0				4.0				4.0				23.0						
35661		3.5	5.0	5.0		0.0	5.0	5.0		3.5	5.0	5.0		3.0	5.0	5.0		3.0	5.0	5.0		2.0	5.0	5.0		15.0	30.0	30.0	15.0	15.0	0.0
35733	4.0				5.0				4.5				5.0				5.0				5.0				28.5						
35734	4.0				3.0				4.0				4.0				5.0				4.0				24.0						
35750	4.0				3.0				3.5				4.0				4.0				3.0				21.5						
35763	3.0				1.0				3.0				4.0				3.5				4.0				18.5						
35789	4.0				4.0				4.0				5.0				5.0				4.0				26.0						
35819	4.5				3.0				3.5				5.0				4.0				4.5				24.5						
35820		2.0	4.0	5.0		3.0	5.0	5.0		3.0	4.0	5.0		3.0	5.0	5.0		3.0	5.0	5.0		3.0	5.0	5.0		17.0	28.0	30.0	11.0	13.0	2.0
35852		2.0	5.0	5.0		0.0	5.0	5.0		3.0	5.0	5.0		3.0	5.0	5.0		2.0	5.0	5.0		2.0	5.0	5.0		12.0	30.0	30.0	18.0	18.0	0.0
35865	3.0				4.0				4.0				4.0				4.0				3.0				22.0						
35867	3.0				4.0				3.0				4.0				3.0				3.0				20.0						
35892	4.0				4.0				4.5				5.0				4.0				5.0				26.5						
35906		3.0	4.0	4.5		1.0	5.0	5.0		4.0	5.0	5.0		4.0	5.0	5.0		4.0	5.0	5.0		3.0	5.0	5.0		19.0	29.0	29.5	10.0	10.5	0.5
35911		3.0	5.0	5.0		0.0	5.0	5.0		4.0	5.0	5.0		2.5	4.0	4.5		4.0	5.0	5.0		3.0	5.0	5.0		16.5	29.0	29.5	12.5	13.0	0.5
35928	3.5				2.0				3.0				4.0				3.0				3.0				18.5						
35934	3.5				3.0				4.0				4.0				4.0				4.0				22.5						
35937		3.0	4.0	4.0		1.0	5.0	5.0		4.0	4.5	5.0		4.0	5.0	5.0		3.0	5.0	5.0		3.0	5.0	5.0		18.0	28.5	29.0	10.5	11.0	0.5
35979		2.0	5.0	5.0		0.0	5.0	5.0		3.0	5.0	5.0		3.0	5.0	5.0		2.0	5.0	5.0		3.0	5.0	5.0		13.0	30.0	30.0	17.0	17.0	0.0
35986		3.5	4.0	5.0		1.0	5.0	5.0		3.5	5.0	5.0		4.0	5.0	5.0		3.5	4.5	5.0		3.5	5.0	5.0		19.0	28.5	30.0	9.5	11.0	1.5
35994	4.5				3.0				4.0				5.0				5.0				5.0				26.5						
36000		2.0	4.0	4.0		0.0	5.0	5.0		3.0	4.5	5.0		3.0	5.0	5.0		2.0	5.0	5.0		2.0	5.0	5.0		12.0	28.5	29.0	16.5	17.0	0.5
36006	4.0				0.0				4.5				4.5				4.0				4.0				21.0						
36030	4.0				1.0				4.0				5.0				5.0				3.0				22.0						
36064	4.0				0.0				4.0				4.0				3.0				2.5				17.5						
36068	4.0				3.0				4.0				4.0				4.0				4.0				23.0						
36074	5.0				4.0				5.0				5.0				5.0				4.0				28.0						
36079		2.0	4.0	5.0		1.0	5.0	5.0		3.0	4.5	5.0		4.0	5.0	5.0		3.0	5.0	5.0		3.0	4.5	5.0		16.0	28.0	30.0	12.0	14.0	2.0
36085		4.0	5.0	5.0		0.0	5.0	5.0		4.0	5.0	5.0		4.0	5.0	5.0		4.0	5.0	5.0		4.0	5.0	5.0		20.0	30.0	30.0	10.0	10.0	0.0
36090	4.0				4.0				4.0				5.0				5.0				5.0				27.0						
36095		2.0	4.0	5.0		1.0	5.0	5.0		3.0	5.0	5.0		4.0	5.0	5.0		3.0	4.0	5.0		2.0	5.0	5.0		15.0	28.0	30.0	13.0	15.0	2.0
36137		3.0	4.0	4.5		3.0	5.0	5.0		3.0	4.5	5.0		4.0	5.0	5.0		4.0	4.0	5.0		3.0	5.0	5.0		20.0	27.5	29.5	7.5	9.5	2.0
36140		2.0	4.0	5.0		2.0	5.0	5.0		3.0	4.0	5.0		3.0	5.0	5.0		2.0	5.0	5.0		3.0	5.0	5.0		15.0	28.0	30.0	13.0	15.0	2.0
36163	4.0				4.0				3.5				5.0				4.0				4.0				24.5						
36172		2.5	4.0	4.0		0.0	5.0	5.0		3.0	3.5	5.0		3.5	5.0	5.0		4.0	5.0	5.0		2.5	5.0	5.0		15.5	27.5	29.0	12.0	13.5	1.5
36181		3.5	4.5	4.5		0.0	5.0	5.0		3.5	4.5	4.5		3.0	4.0	5.0		3.5	5.0	5.0		2.0	5.0	5.0		15.5	28.0	29.0	12.5	13.5	1.0
36188		2.0	4.0	4.0		1.0	5.0	5.0		3.0	4.0	5.0		3.0	5.0	5.0		3.0	5.0	5.0		3.0	5.0	5.0		15.0	28.0	29.0	13.0	14.0	1.0
36214	4.0				3.0				3.5				4.0				4.0				3.0				21.5						
36225		2.0	4.0	4.5		0.0	5.0	5.0		3.0	5.0	5.0		3.0	5.0	5.0		3.0	5.0	5.0		3.0	5.0	5.0		14.0	29.0	29.5	15.0	15.5	0.5
36237	4.0				3.0				4.0				4.0				3.0				4.0				22.0						
36238		3.0	4.0	4.0		2.0	5.0	5.0		3.5	4.5	4.0		4.0	5.0	5.0		3.0	4.0	5.0		3.0	5.0	5.0		18.5	27.5	28.0	9.0	9.5	0.5
36245	2.0				1.0				3.0				5.0				4.0				4.0				19.0						
36248		2.0	4.5	4.5		0.0	5.0	5.0		3.0	5.0	4.5		3.5	5.0	5.0		3.0	5.0	5.0		3.0	5.0	5.0		14.5	29.5	29.0	15.0	14.5	-0.5
36260	4.0				2.0				4.0				4.0				5.0				4.0				23.0						
36261	4.0				4.0				3.5				5.0				4.0				4.0				24.5						
36278		3.0	3.5	4.0		2.0	5.0	5.0		4.0	4.0	4.5		4.0	5.0	5.0		5.0	5.0	5.0		3.0	5.0	5.0		21.0	27.5	28.5	6.5	7.5	1.0
36280	4.0				3.0				4.5				5.0				4.0				4.0				24.5						
36295		4.5	5.0	4.0		4.0	5.0	5.0		5.0	5.0	5.0		5.0	5.0	5.0		5.0	5.0	5.0		5.0	5.0	5.0		28.5	30.0	29.0	1.5	0.5	-1.0
36307		2.0	4.0	4.5		1.0	5.0	5.0		3.0	4.5	5.0		3.0	5.0	5.0		3.0	5.0	5.0		3.0	5.0	5.0		15.0	28.5	29.5	13.5	14.5	1.0
36330	3.0				3.0				4.0				5.0				4.0				4.0				23.0						
36341		2.5	4.5	5.0		3.0	5.0	5.0		3.0	5.0	5.0		4.0	5.0	5.0		4.0	5.0	5.0		4.0	5.0	5.0		20.5	29.5	30.0	9.0	9.5	0.5
36349	4.0				3.5				4.5				5.0				4.5				4.0				25.5						
36385	4.0				3.0				3.5				4.0				4.0				4.0				22.5						
36403	4.5				1.0				4.0				4.5				4.0				3.0				21.0						
36415	4.5				4.0				4.0				5.0				4.5				5.0				27.0						
36430		2.0	4.0	5.0		3.0	5.0	5.0		3.0	4.5	5.0		3.0	5.0	5.0		3.0	5.0	5.0		3.0	5.0	5.0		17.0	28.5	30.0	11.5	13.0	1.5
36436	4.0				2.0				4.0				4.0				3.5				4.0				21.5						
36441	4.5				4.0				4.0				5.0				5.0				5.0				27.5						
36442	3.5				4.0				4.0				4.0				4.0				3.5				23.0						
36471	4.5				0.0				3.5				4.5				4.0				4.0				20.5						
36494	4.0				4.0				4.0				4.5				5.0				4.5				26.0						
36503	4.0				2.0				4.0				4.5				4.0				4.0				22.5						
36515	4.5				5.0				4.5				5.0				5.0				5.0				29.0						
36522		2.0	4.0	4.0		1.5	5.0	5.0		3.5	4.5	5.0		3.5	5.0	5.0		3.5	5.0	5.0		3.0	5.0	5.0		17.0	28.5	29.0	11.5	12.0	0.5
36524		1.0	5.0	4.5		0.0	5.0	5.0		1.5	5.0	4.5		2.0	4.5	4.5		3.0	5.0	5.0		2.0	5.0	5.0		9.5	29.5	28.5	20.0	19.0	-1.0
36532	3.0				3.0				4.0				4.0				5.0				4.0				23.0						
36547		2.0	5.0	5.0		0.0	5.0	5.0		3.0	5.0	5.0		3.0	5.0	5.0		2.0	5.0	5.0		2.0	5.0	5.0		12.0	30.0	30.0	18.0	18.0	0.0
36551	4.0				4.0				4.0				4.0				4.0				4.0				24.0						
36560	4.5				5.0				4.5				4.5				4.5				5.0				28.0						
36566	3.0				0.0				3.0				4.0				4.0				3.0				17.0						
36577	4.0				3.0				4.0				5.0				5.0				5.0				26.0						
36578		3.0	4.5	5.0		0.0	5.0	5.0		4.0	5.0	5.0		4.0	5.0	5.0		3.0	5.0	5.0		2.0	5.0	5.0		16.0	29.5	30.0	13.5	14.0	0.5
36590		2.0	4.5	5.0		0.0	5.0	5.0		3.0	5.0	5.0		4.0	5.0	5.0		3.0	5.0	5.0		2.0	5.0	5.0		14.0	29.5	30.0	15.5	16.0	0.5
36616		3.0	3.5	5.0		0.0	5.0	5.0		4.0	4.5	5.0		4.0	5.0	5.0		2.0	5.0	5.0		2.0	5.0	5.0		15.0	28.0	30.0	13.0	15.0	2.0
36626	3.5				3.0				3.0				5.0				4.0				4.0				22.5						
36650	3.5				2.0				3.0				4.5				4.0				4.0				21.0						
36691	2.0				2.0				3.0				4.0				5.0				4.0				20.0						
36704		4.0	4.0	5.0		2.0	5.0	5.0		4.0	5.0	5.0		4.0	5.0	5.0		4.0	5.0	5.0		3.0	5.0	5.0		21.0	29.0	30.0	8.0	9.0	1.0
36707	4.0				4.0				4.0				5.0				5.0				5.0				27.0						
36721		3.5	4.0	5.0		0.0	5.0	5.0		3.0	4.5	5.0		4.0	5.0	5.0		3.0	5.0	5.0		3.0	5.0	5.0		16.5	28.5	30.0	12.0	13.5	1.5
36727		4.0	4.0	5.0		1.0	5.0	5.0		4.0	5.0	5.0		4.5	5.0	5.0		4.0	5.0	5.0		3.0	5.0	5.0		20.5	29.0	30.0	8.5	9.5	1.0
36742		2.0	4.0	5.0		0.0	5.0	5.0		3.0	4.0	5.0		3.0	5.0	5.0		2.0	5.0	5.0		2.0	5.0	5.0		12.0	28.0	30.0	16.0	18.0	2.0
36743	3.0				0.0				3.0				4.0				3.0				3.0				16.0						
36769	2.0				0.0				3.0				3.0				3.0				2.0				13.0						
36777	4.0				2.0				4.5				4.0				3.0				4.0				21.5						
36782	3.5				4.0				4.0				4.5				4.5				5.0				25.5						
36794	4.0				4.0				4.0				4.5				4.0				4.0				24.5						
36797		4.0	5.0	5.0		0.0	5.0	5.0		4.0	5.0	5.0		4.0	5.0	5.0		3.0	5.0	5.0		3.0	5.0	5.0		18.0	30.0	30.0	12.0	12.0	0.0
36822	4.5				3.0				4.0				5.0				4.0				4.0				24.5						
36827		3.5	4.5	4.0		0.0	5.0	5.0		4.0	5.0	5.0		4.0	5.0	5.0		4.0	5.0	5.0		3.0	5.0	5.0		18.5	29.5	29.0	11.0	10.5	-0.5
36845	4.0				4.0				4.5				5.0				5.0				4.5				27.0						
36856		3.0	4.0	4.5		2.0	5.0	5.0		4.0	5.0	5.0		4.0	5.0	5.0		4.0	5.0	5.0		3.0	5.0	5.0		20.0	29.0	29.5	9.0	9.5	0.5
36862	4.0				1.0				4.0				4.0				4.0				3.5				20.5						
36867		2.5	4.0	4.0		0.0	5.0	5.0		3.0	3.0	5.0		4.0	5.0	5.0		2.0	5.0	5.0		3.0	5.0	5.0		14.5	27.0	29.0	12.5	14.5	2.0
36872		2.5	4.0	5.0		0.0	5.0	5.0		3.0	5.0	5.0		3.0	5.0	5.0		2.5	5.0	5.0		2.0	5.0	5.0		13.0	29.0	30.0	16.0	17.0	1.0
36923	4.0				4.5				3.5				4.5				3.5				4.5				24.5						
36926	4.0				1.0				4.0				4.0				3.0				3.0				19.0						
36937	4.5				4.0				4.5				5.0				5.0				4.0				27.0						
36945	3.5				2.0				4.5				5.0				4.0				4.0				23.0						
36966	4.0				4.0				4.5				4.5				5.0				4.0				26.0						
36973		2.0	4.0	4.5		0.0	5.0	5.0		3.0	3.0	4.5		3.0	5.0	5.0		2.0	5.0	5.0		1.0	5.0	5.0		11.0	27.0	29.0	16.0	18.0	2.0
36976	4.0				1.0				4.0				5.0				4.0				4.0				22.0						
36988	4.0				4.0				4.0				5.0				5.0				5.0				27.0						
37010		3.5	5.0	4.5		0.0	5.0	5.0		4.0	5.0	5.0		4.0	5.0	5.0		4.0	5.0	5.0		3.0	5.0	5.0		18.5	30.0	29.5	11.5	11.0	-0.5
37015	4.0				2.0				3.0				5.0				4.0				4.0				22.0						
37034		2.0	4.0	4.5		0.0	5.0	5.0		3.0	5.0	4.5		3.0	5.0	5.0		3.0	5.0	5.0		2.0	5.0	5.0		13.0	29.0	29.0	16.0	16.0	0.0
37043		4.0	5.0	5.0		0.0	5.0	5.0		4.0	5.0	5.0		4.0	4.5	5.0		3.0	5.0	5.0		3.0	5.0	5.0		18.0	29.5	30.0	11.5	12.0	0.5
37063		3.5	4.0	4.0		0.0	5.0	5.0		4.0	4.5	5.0		4.0	5.0	5.0		4.0	5.0	5.0		3.5	5.0	5.0		19.0	28.5	29.0	9.5	10.0	0.5
37078		2.0	3.5	5.0		0.0	5.0	5.0		3.0	4.0	5.0		4.0	5.0	5.0		3.0	5.0	5.0		2.0	5.0	5.0		14.0	27.5	30.0	13.5	16.0	2.5
37094		1.5	4.0	5.0		2.0	5.0	5.0		3.0	4.5	5.0		3.5	5.0	5.0		3.0	5.0	5.0		3.5	5.0	5.0		16.5	28.5	30.0	12.0	13.5	1.5
37099		2.5	4.5	4.5		2.0	5.0	5.0		3.0	5.0	5.0		3.5	5.0	5.0		3.5	5.0	5.0		3.0	5.0	5.0		17.5	29.5	29.5	12.0	12.0	0.0
37102	4.0				5.0				4.5				5.0				4.0				4.0				26.5						
37126	4.0				0.0				4.0				4.0				3.0				3.0				18.0						
37158		3.0	4.0	5.0		1.0	5.0	5.0		4.0	5.0	5.0		4.0	5.0	5.0		4.0	5.0	5.0		3.0	5.0	5.0		19.0	29.0	30.0	10.0	11.0	1.0
37193	4.5				3.0				4.5				5.0				5.0				4.0				26.0						
37212		2.0	4.0	4.5		0.0	5.0	5.0		3.0	4.0	4.0		3.0	4.0	4.0		3.0	5.0	5.0		3.0	5.0	5.0		14.0	27.0	27.5	13.0	13.5	0.5
37224		2.5	4.0	5.0		0.0	5.0	5.0		3.0	4.0	5.0		3.5	5.0	5.0		2.0	5.0	5.0		2.0	5.0	5.0		13.0	28.0	30.0	15.0	17.0	2.0
37260		2.0	4.0	4.5		0.0	5.0	5.0		3.0	4.0	5.0		3.0	5.0	5.0		3.0	5.0	5.0		3.0	5.0	5.0		14.0	28.0	29.5	14.0	15.5	1.5
37284	3.5				4.0				3.5				4.5				3.5				4.5				23.5						
37293	4.0				2.0				4.0				4.0				4.0				3.0				21.0						
37321	4.0				3.0				4.5				4.5				3.0				3.0				22.0						
37345		3.0	4.5	5.0		0.0	5.0	5.0		3.0	3.5	5.0		2.5	5.0	5.0		3.0	5.0	5.0		2.0	5.0	5.0		13.5	28.0	30.0	14.5	16.5	2.0
37362	4.5				2.0				4.0				4.0				4.0				5.0				23.5						
37376	3.5				5.0				3.0				4.5				4.5				4.5				25.0						
37377		2.0	4.0	4.5		3.0	5.0	5.0		3.0	4.5	5.0		4.0	5.0	5.0		3.0	5.0	5.0		3.0	5.0	5.0		18.0	28.5	29.5	10.5	11.5	1.0
37386	3.0				0.0				3.0				3.0				3.0				2.0				14.0						
37416	4.5				4.0				4.5				4.0				5.0				4.0				26.0						
37442		2.0	4.0	4.5		2.0	5.0	5.0		3.0	4.0	5.0		3.0	5.0	5.0		3.0	5.0	5.0		3.0	5.0	5.0		16.0	28.0	29.5	12.0	13.5	1.5
37480	3.0				1.0				4.0				3.0				3.0				3.0				17.0						
37489		4.0	4.5	4.5		3.0	5.0	5.0		4.0	4.5	4.5		4.0	4.5	5.0		5.0	5.0	5.0		4.0	5.0	5.0		24.0	28.5	29.0	4.5	5.0	0.5
37525	3.5				4.0				4.0				5.0				5.0				5.0				26.5						
37602		2.5	4.0	5.0		4.0	5.0	5.0		3.0	4.0	5.0		4.0	5.0	5.0		4.0	5.0	5.0		4.0	5.0	5.0		21.5	28.0	30.0	6.5	8.5	2.0
37605	3.5				5.0				4.0				4.5				5.0				4.0				26.0						
37612	4.0				3.0				4.0				4.5				5.0				5.0				25.5						
37655	4.5				4.0				4.0				5.0				5.0				4.0				26.5						
37662	4.0				3.0				4.0				4.0				4.0				3.0				22.0						
37664		2.0	5.0	4.5		1.5	5.0	5.0		3.0	5.0	4.5		4.0	5.0	5.0		4.0	5.0	5.0		3.0	5.0	5.0		17.5	30.0	29.0	12.5	11.5	-1.0
37677		3.5	4.0	4.0		0.0	5.0	5.0		3.0	3.5	5.0		3.0	5.0	5.0		3.0	5.0	5.0		2.0	5.0	5.0		14.5	27.5	29.0	13.0	14.5	1.5
37681	4.0				4.5				4.5				4.0				4.0				5.0				26.0						
37687	3.5				3.0				3.0				4.0				4.5				4.0				22.0						
37694		2.0	4.0	5.0		3.0	5.0	5.0		3.0	4.5	5.0		4.0	5.0	5.0		3.0	5.0	5.0		4.0	5.0	5.0		19.0	28.5	30.0	9.5	11.0	1.5
37734		2.0	4.5	5.0		3.0	5.0	5.0		3.0	5.0	5.0		4.0	5.0	5.0		5.0	5.0	5.0		4.0	5.0	5.0		21.0	29.5	30.0	8.5	9.0	0.5
37753	3.0				4.0				4.0				4.0				5.0				5.0				25.0						
37754	2.5				4.0				2.5				3.5				4.0				4.0				20.5						
37783	2.0				2.0				3.0				4.0				3.0				3.0				17.0						
37801	4.0				3.0				4.5				5.0				5.0				4.0				25.5						
37817	4.5				3.0				4.5				4.5				4.0				4.0				24.5						
37858		2.0	4.5	4.5		2.0	5.0	5.0		3.0	5.0	5.0		4.0	5.0	5.0		3.0	5.0	5.0		3.0	5.0	5.0		17.0	29.5	29.5	12.5	12.5	0.0
37922	2.0				4.0				3.0				4.0				4.0				4.0				21.0						
37924	4.0				4.0				4.0				5.0				4.0				5.0				26.0						
37949		2.5	5.0	5.0		4.0	5.0	5.0		4.0	5.0	5.0		4.0	5.0	5.0		4.0	5.0	5.0		4.0	5.0	5.0		22.5	30.0	30.0	7.5	7.5	0.0
37961	3.0				3.0				3.5				3.0				4.0				3.5				20.0						
37994		4.0	5.0	5.0		2.0	5.0	5.0		4.0	4.5	5.0		4.0	5.0	5.0		5.0	5.0	5.0		4.0	5.0	5.0		23.0	29.5	30.0	6.5	7.0	0.5
37999		2.0	3.0	4.5		4.0	5.0	5.0		3.0	3.5	5.0		3.0	4.0	5.0		3.0	4.0	5.0		4.0	5.0	5.0		19.0	24.5	29.5	5.5	10.5	5.0
38002		4.0	4.5	5.0		3.0	5.0	5.0		4.0	4.5	5.0		3.0	4.0	5.0		4.0	5.0	5.0		4.0	5.0	5.0		22.0	28.0	30.0	6.0	8.0	2.0
38020	3.0				4.0				3.0				4.0				3.0				3.0				20.0						
38036		2.0	4.0	4.0		0.0	5.0	5.0		3.0	5.0	5.0		3.0	5.0	5.0		2.0	5.0	5.0		2.0	5.0	5.0		12.0	29.0	29.0	17.0	17.0	0.0
38047	4.5				4.0				5.0				5.0				4.5				5.0				28.0						
38061	3.0				0.0				4.0				3.0				3.0				3.0				16.0						
38080	3.5				4.0				4.0				4.0				4.5				5.0				25.0						
38105	3.0				4.0				3.0				4.0				4.0				3.0				21.0						
38158		2.5	4.0	5.0		2.5	5.0	5.0		3.5	4.5	5.0		3.5	5.0	5.0		3.5	4.0	5.0		3.5	5.0	5.0		19.0	27.5	30.0	8.5	11.0	2.5
38172		3.5	4.0	5.0		1.5	5.0	5.0		4.0	4.0	5.0		4.0	4.0	5.0		3.0	5.0	5.0		3.0	5.0	5.0		19.0	27.0	30.0	8.0	11.0	3.0
38193		2.0	4.0	4.5		3.0	5.0	5.0		3.0	4.0	4.5		4.0	5.0	5.0		3.0	4.0	4.5		2.0	5.0	5.0		17.0	27.0	28.5	10.0	11.5	1.5
38196		2.0	4.5	5.0		3.0	5.0	5.0		3.0	4.5	5.0		3.0	5.0	5.0		4.0	5.0	5.0		3.0	5.0	5.0		18.0	29.0	30.0	11.0	12.0	1.0
38204		2.5	4.0	4.5		3.0	5.0	5.0		3.0	5.0	5.0		3.5	5.0	5.0		3.0	5.0	5.0		3.0	5.0	5.0		18.0	29.0	29.5	11.0	11.5	0.5
38226		3.0	4.0	5.0		2.0	5.0	5.0		3.5	4.5	5.0		2.5	5.0	5.0		2.0	5.0	5.0		3.0	5.0	5.0		16.0	28.5	30.0	12.5	14.0	1.5
38236	4.0				4.0				4.0				4.0				5.0				4.0				25.0						
38284		3.5	4.0	5.0		4.0	5.0	5.0		3.5	4.5	5.0		4.5	5.0	5.0		4.0	5.0	5.0		4.0	5.0	5.0		23.5	28.5	30.0	5.0	6.5	1.5
38310		2.0	4.0	4.5		1.0	5.0	5.0		3.0	4.5	4.5		4.0	5.0	5.0		3.0	5.0	5.0		3.0	5.0	5.0		16.0	28.5	29.0	12.5	13.0	0.5
38333	4.0				4.0				4.0				5.0				4.0				4.0				25.0						
38340		2.0	4.5	5.0		0.0	5.0	5.0		3.0	5.0	5.0		3.0	5.0	5.0		2.0	5.0	5.0		2.0	5.0	5.0		12.0	29.5	30.0	17.5	18.0	0.5
38367	4.0				4.0				4.5				5.0				4.0				4.0				25.5						
38392	4.5				4.0				4.5				5.0				4.0				4.0				26.0						
38395		2.0	5.0	4.0		3.0	5.0	5.0		3.0	5.0	5.0		3.5	5.0	5.0		4.0	5.0	5.0		3.5	5.0	5.0		19.0	30.0	29.0	11.0	10.0	-1.0
38406	3.5				3.0				4.0				5.0				5.0				4.0				24.5						
38437	3.0				3.0				3.0				5.0				5.0				5.0				24.0						
38439		4.0	5.0	5.0		3.0	5.0	5.0		3.5	5.0	5.0		4.0	5.0	5.0		4.0	5.0	5.0		3.5	5.0	5.0		22.0	30.0	30.0	8.0	8.0	0.0
38445		2.5	4.0	5.0		4.0	5.0	5.0		3.5	4.0	5.0		3.5	5.0	5.0		4.0	5.0	5.0		4.0	5.0	5.0		21.5	28.0	30.0	6.5	8.5	2.0
38451		3.0	3.5	4.5		2.0	5.0	5.0		3.0	4.0	4.5		4.0	5.0	5.0		4.0	5.0	5.0		3.0	5.0	5.0		19.0	27.5	29.0	8.5	10.0	1.5
38469		3.0	4.0	5.0		0.0	5.0	5.0		3.0	3.0	5.0		4.0	5.0	5.0		3.0	5.0	5.0		3.0	5.0	5.0		16.0	27.0	30.0	11.0	14.0	3.0
38475	4.0				4.0				3.0				5.0				5.0				5.0				26.0						
38493	4.0				4.0				4.0				4.0				4.0				4.0				24.0						
38495		2.0	5.0	4.0		1.0	5.0	5.0		3.0	5.0	4.0		3.0	5.0	5.0		3.0	5.0	5.0		3.0	5.0	5.0		15.0	30.0	28.0	15.0	13.0	-2.0
38499		3.5	4.0	5.0		3.0	5.0	5.0		4.0	4.0	5.0		4.5	5.0	5.0		5.0	5.0	5.0		4.0	5.0	5.0		24.0	28.0	30.0	4.0	6.0	2.0
38506		2.0	4.0	5.0		2.0	5.0	5.0		3.0	3.5	5.0		4.0	5.0	5.0		4.0	4.0	5.0		4.0	5.0	5.0		19.0	26.5	30.0	7.5	11.0	3.5
38536		4.0	4.5	4.5		2.0	5.0	5.0		4.0	4.5	4.5		4.0	5.0	5.0		3.0	5.0	5.0		3.0	5.0	5.0		20.0	29.0	29.0	9.0	9.0	0.0
38555		1.5	4.0	5.0		0.0	5.0	5.0		2.0	5.0	5.0		2.0	5.0	5.0		2.0	5.0	5.0		1.0	5.0	5.0		8.5	29.0	30.0	20.5	21.5	1.0
38562	3.0				4.0				4.0				5.0				5.0				4.0				25.0						
38584	3.0				2.0				3.0				5.0				4.0				3.0				20.0						
38612	4.5				4.0				4.5				4.0				4.0				4.0				25.0						
38632		2.0	4.5	5.0		4.0	5.0	5.0		3.0	4.5	5.0		3.0	4.0	5.0		3.0	5.0	5.0		3.0	5.0	5.0		18.0	28.0	30.0	10.0	12.0	2.0
38637		2.5	5.0	4.0		1.0	5.0	5.0		3.0	5.0	5.0		3.0	5.0	5.0		2.0	5.0	5.0		2.0	5.0	5.0		13.5	30.0	29.0	16.5	15.5	-1.0
38641	3.0				2.0				4.0				4.0				4.0				3.0				20.0						
38670		3.5	4.5	4.5		4.0	5.0	5.0		4.0	5.0	5.0		4.5	5.0	5.0		5.0	5.0	5.0		4.0	5.0	5.0		25.0	29.5	29.5	4.5	4.5	0.0
38672	4.0				3.0				3.5				4.0				4.0				3.5				22.0						
38674		2.0	4.5	5.0		1.0	5.0	5.0		3.0	5.0	5.0		3.0	5.0	5.0		2.0	5.0	5.0		2.0	5.0	5.0		13.0	29.5	30.0	16.5	17.0	0.5
38677		2.0	5.0	4.5		0.0	5.0	5.0		3.0	5.0	5.0		3.0	5.0	5.0		3.0	5.0	5.0		2.0	5.0	5.0		13.0	30.0	29.5	17.0	16.5	-0.5
38742	3.0				4.0				3.0				4.0				4.0				4.0				22.0						
38764		2.5	4.0	4.0		0.0	5.0	5.0		3.0	4.0	4.0		3.0	5.0	5.0		2.0	5.0	5.0		2.0	5.0	5.0		12.5	28.0	28.0	15.5	15.5	0.0
38784	4.0				3.0				4.0				4.0				4.0				4.0				23.0						
38786		2.5	4.5	4.0		0.0	5.0	5.0		3.0	5.0	4.5		3.0	5.0	5.0		2.0	5.0	5.0		2.0	5.0	5.0		12.5	29.5	28.5	17.0	16.0	-1.0
38794		2.0	4.0	4.5		0.0	5.0	5.0		3.0	4.0	4.5		3.0	5.0	5.0		3.0	5.0	5.0		3.0	5.0	5.0		14.0	28.0	29.0	14.0	15.0	1.0
38845	3.5				2.5				4.0				5.0				4.0				4.0				23.0						
38848	3.0				2.0				3.5				4.0				3.5				4.0				20.0						
38891		3.0	4.0	4.0		0.0	5.0	5.0		4.0	4.5	5.0		4.0	5.0	5.0		3.0	5.0	5.0		3.0	5.0	5.0		17.0	28.5	29.0	11.5	12.0	0.5
38917		2.0	4.5	5.0		0.0	5.0	5.0		3.0	4.0	5.0		3.0	5.0	5.0		3.0	4.0	5.0		2.0	5.0	5.0		13.0	27.5	30.0	14.5	17.0	2.5
38928		3.0	4.0	5.0		2.0	5.0	5.0		4.0	4.5	5.0		4.0	5.0	5.0		3.0	5.0	5.0		3.0	5.0	5.0		19.0	28.5	30.0	9.5	11.0	1.5
38957		3.0	4.0	5.0		0.0	5.0	5.0		3.0	4.0	5.0		3.0	4.0	5.0		2.0	5.0	5.0		2.0	5.0	5.0		13.0	27.0	30.0	14.0	17.0	3.0
38958	4.0				4.0				4.0				5.0				5.0				3.0				25.0						
38970		3.5	4.0	4.5		3.0	5.0	5.0		3.0	3.5	5.0		4.0	5.0	5.0		4.0	5.0	5.0		3.5	5.0	5.0		21.0	27.5	29.5	6.5	8.5	2.0
39063		2.0	4.0	4.5		1.0	5.0	5.0		3.0	4.0	5.0		3.0	5.0	5.0		3.0	5.0	5.0		2.0	5.0	5.0		14.0	28.0	29.5	14.0	15.5	1.5
39065		2.0	4.0	4.5		0.0	5.0	5.0		3.0	4.0	5.0		3.0	5.0	5.0		2.0	5.0	5.0		1.0	5.0	5.0		11.0	28.0	29.5	17.0	18.5	1.5
39108	4.0				3.0				4.0				4.0				4.0				4.0				23.0						
39124		4.0	5.0	5.0		1.0	5.0	5.0		4.0	5.0	5.0		4.0	4.5	5.0		4.0	5.0	5.0		3.0	5.0	5.0		20.0	29.5	30.0	9.5	10.0	0.5
39131	4.0				5.0				4.0				5.0				5.0				5.0				28.0						
39164		1.0	4.0	5.0		2.0	5.0	5.0		2.0	5.0	5.0		2.0	5.0	5.0		3.0	5.0	5.0		2.0	4.0	5.0		12.0	28.0	30.0	16.0	18.0	2.0
39227	4.5				4.0				4.5				5.0				4.0				4.0				26.0						
39244	2.0				0.0				3.0				4.0				3.0				2.0				14.0						
39298	4.5				4.0				4.5				5.0				4.0				4.0				26.0						
39302		3.0	4.0	5.0		0.0	5.0	5.0		4.0	4.5	5.0		4.0	5.0	5.0		4.0	4.0	5.0		3.0	5.0	5.0		18.0	27.5	30.0	9.5	12.0	2.5
39305	4.0				3.0				3.0				4.0				3.0				4.0				21.0						
39349		2.0	5.0	5.0		4.0	5.0	5.0		3.0	5.0	5.0		4.0	5.0	5.0		5.0	5.0	5.0		4.0	5.0	5.0		22.0	30.0	30.0	8.0	8.0	0.0
39379		2.0	4.5	4.5		0.0	5.0	5.0		3.0	5.0	4.5		3.0	5.0	5.0		2.0	5.0	5.0		1.0	5.0	5.0		11.0	29.5	29.0	18.5	18.0	-0.5
39436		2.5	4.0	5.0		3.0	5.0	5.0		3.5	4.0	5.0		4.0	5.0	5.0		4.5	5.0	5.0		4.0	5.0	5.0		21.5	28.0	30.0	6.5	8.5	2.0
39446		1.0	4.0	4.0		2.0	5.0	5.0		3.0	3.0	4.0		3.0	5.0	5.0		4.0	5.0	5.0		3.0	5.0	5.0		16.0	27.0	28.0	11.0	12.0	1.0
39465	4.0				4.0				4.0				4.0				5.0				4.0				25.0						
39493		2.0	4.0	5.0		4.0	5.0	5.0		2.0	3.5	5.0		2.0	5.0	5.0		3.0	5.0	5.0		3.0	5.0	5.0		16.0	27.5	30.0	11.5	14.0	2.5
39502		2.0	4.0	4.0		2.0	5.0	5.0		3.0	5.0	5.0		4.0	5.0	5.0		4.0	5.0	5.0		3.0	5.0	5.0		18.0	29.0	29.0	11.0	11.0	0.0
39509	4.5				4.5				5.0				5.0				4.5				5.0				28.5						
39516		2.0	4.0	5.0		0.0	5.0	5.0		3.0	4.0	5.0		2.0	5.0	5.0		2.0	5.0	5.0		1.0	5.0	5.0		10.0	28.0	30.0	18.0	20.0	2.0
39561	4.0				4.0				4.0				4.5				5.0				4.5				26.0						
39585	4.0				4.0				4.5				4.5				5.0				4.0				26.0						
39608	4.5				3.0				4.5				5.0				4.0				4.0				25.0						
39614	3.0				2.0				3.0				4.0				3.0				4.0				19.0						
39615		3.0	4.5	4.5		2.0	5.0	5.0		4.0	5.0	5.0		4.0	5.0	5.0		4.0	5.0	5.0		4.0	5.0	5.0		21.0	29.5	29.5	8.5	8.5	0.0
39635	4.0				4.0				3.5				5.0				4.0				5.0				25.5						
39648		2.0	4.0	5.0		1.0	5.0	5.0		2.0	3.5	5.0		3.0	5.0	5.0		2.0	5.0	5.0		3.0	5.0	5.0		13.0	27.5	30.0	14.5	17.0	2.5
39650	5.0				4.0				4.5				4.5				4.5				4.5				27.0						
39663	3.5				4.0				3.5				4.0				4.0				5.0				24.0						
39684	4.5				4.0				4.0				5.0				5.0				4.0				26.5						
39695		3.5	4.0	4.0		3.5	5.0	5.0		4.0	5.0	5.0		4.0	5.0	5.0		4.0	5.0	5.0		3.5	5.0	5.0		22.5	29.0	29.0	6.5	6.5	0.0
39701		2.0	4.0	4.0		4.0	5.0	5.0		3.0	4.0	4.0		4.0	5.0	5.0		5.0	5.0	5.0		4.0	5.0	5.0		22.0	28.0	28.0	6.0	6.0	0.0
39715	3.0				3.0				3.0				4.0				4.0				4.0				21.0						
39716	3.0				3.0				4.0				4.0				5.0				4.0				23.0						
39722		3.5	5.0	5.0		3.0	5.0	5.0		4.0	5.0	5.0		4.5	5.0	5.0		5.0	5.0	5.0		4.5	5.0	5.0		24.5	30.0	30.0	5.5	5.5	0.0
39727		2.0	3.5	5.0		1.0	5.0	5.0		3.0	4.0	5.0		3.0	5.0	5.0		3.0	5.0	5.0		3.0	5.0	5.0		15.0	27.5	30.0	12.5	15.0	2.5
39786		2.0	4.0	4.5		3.0	5.0	5.0		3.0	4.0	5.0		4.0	5.0	5.0		5.0	5.0	5.0		4.0	5.0	5.0		21.0	28.0	29.5	7.0	8.5	1.5
39810	2.5				3.0				3.5				4.0				5.0				4.0				22.0						
39833		3.0	4.0	4.5		1.0	5.0	5.0		3.0	4.0	4.5		4.0	5.0	5.0		2.0	4.0	5.0		2.0	5.0	5.0		15.0	27.0	29.0	12.0	14.0	2.0
39896	4.0				3.0				5.0				4.5				4.0				4.0				24.5						
39912		2.5	4.5	5.0		2.0	5.0	5.0		3.0	4.5	5.0		3.0	4.0	5.0		5.0	5.0	5.0		4.0	5.0	5.0		19.5	28.0	30.0	8.5	10.5	2.0
39914		3.0	4.0	5.0		3.0	5.0	5.0		4.0	5.0	5.0		3.5	5.0	5.0		3.5	5.0	5.0		3.5	5.0	5.0		20.5	29.0	30.0	8.5	9.5	1.0
39956		2.0	4.0	5.0		2.0	5.0	5.0		3.0	4.0	5.0		4.0	5.0	5.0		3.0	5.0	5.0		3.0	5.0	5.0		17.0	28.0	30.0	11.0	13.0	2.0
39985		3.0	5.0	5.0		0.0	5.0	5.0		3.0	5.0	5.0		3.0	5.0	5.0		3.0	5.0	5.0		3.0	5.0	5.0		15.0	30.0	30.0	15.0	15.0	0.0
39989	4.0				4.0				4.5				5.0				4.0				5.0				26.5						
40004	3.0				4.0				4.0				4.0				4.0				3.5				22.5						
40013	4.0				3.0				4.0				4.5				3.5				4.0				23.0						
40021	4.0				4.0				4.5				5.0				5.0				5.0				27.5						
40024	3.5				2.0				3.0				5.0				4.0				4.0				21.5						
40060	4.0				2.0				3.5				4.5				4.0				4.0				22.0						
40126		2.5	4.0	5.0		2.0	5.0	5.0		3.0	5.0	5.0		3.5	5.0	5.0		3.0	5.0	5.0		3.0	5.0	5.0		17.0	29.0	30.0	12.0	13.0	1.0
40127	4.0				4.0				4.0				4.0				4.0				4.0				24.0						
40130	4.0				2.0				4.0				4.0				4.0				3.0				21.0						
40134	4.0				4.0				4.0				4.5				5.0				4.5				26.0						
40140	4.5				5.0				4.0				5.0				5.0				5.0				28.5						
40173	4.0				0.0				4.0				4.0				4.0				2.0				18.0						
40256		3.0	4.0	5.0		0.0	5.0	5.0		4.0	4.0	5.0		3.0	5.0	5.0		2.0	5.0	5.0		3.0	5.0	5.0		15.0	28.0	30.0	13.0	15.0	2.0
40270		2.0	4.5	5.0		1.0	5.0	5.0		3.0	5.0	5.0		3.0	5.0	5.0		3.0	5.0	5.0		2.0	5.0	5.0		14.0	29.5	30.0	15.5	16.0	0.5
40286	4.5				5.0				4.5				5.0				4.5				5.0				28.5						
40289	4.0				3.0				4.0				4.0				3.0				4.0				22.0						
40297	4.0				3.0				4.0				4.0				4.0				4.0				23.0						
40362		3.0	4.0	5.0		2.0	5.0	5.0		4.0	4.5	5.0		2.5	5.0	5.0		4.0	5.0	5.0		3.5	5.0	5.0		19.0	28.5	30.0	9.5	11.0	1.5
40368		2.5	4.5	4.5		0.0	5.0	5.0		3.0	5.0	5.0		3.5	5.0	5.0		2.5	4.5	5.0		3.0	5.0	5.0		14.5	29.0	29.5	14.5	15.0	0.5
40426		2.0	4.0	4.5		4.0	5.0	5.0		3.0	4.0	5.0		2.0	5.0	5.0		4.0	5.0	5.0		3.0	5.0	5.0		18.0	28.0	29.5	10.0	11.5	1.5
40429	2.0				4.0				3.0				4.0				5.0				4.0				22.0						
40449	4.0				4.5				4.5				5.0				5.0				5.0				28.0						
40461		3.0	5.0	4.0		0.0	5.0	5.0		4.0	5.0	5.0		4.0	5.0	5.0		3.0	5.0	5.0		3.0	5.0	5.0		17.0	30.0	29.0	13.0	12.0	-1.0
40496		2.0	4.5	4.0		2.0	5.0	5.0		3.0	5.0	4.0		3.0	5.0	5.0		4.0	5.0	5.0		3.0	5.0	5.0		17.0	29.5	28.0	12.5	11.0	-1.5
40523		2.0	4.0	4.5		3.0	5.0	5.0		3.0	5.0	5.0		4.0	5.0	5.0		5.0	5.0	5.0		4.0	5.0	5.0		21.0	29.0	29.5	8.0	8.5	0.5
40548	3.5				1.5				4.0				3.0				4.0				3.0				19.0						
40580	4.0				4.0				4.0				5.0				4.0				4.0				25.0						
40615	4.0				2.0				4.0				4.0				4.0				4.0				22.0						
40617		3.0	4.5	5.0		3.0	5.0	5.0		3.5	5.0	5.0		3.5	3.5	5.0		4.0	4.0	5.0		3.5	5.0	5.0		20.5	27.0	30.0	6.5	9.5	3.0
40621	4.0				4.0				4.0				4.5				5.0				5.0				26.5						
40663	2.5				1.0				3.0				4.0				3.5				4.0				18.0						
40676	3.5				3.0				3.0				4.0				3.0				4.0				20.5						
40688		2.5	4.0	5.0		0.0	5.0	5.0		3.0	4.0	5.0		4.0	5.0	5.0		3.0	4.0	5.0		2.0	5.0	5.0		14.5	27.0	30.0	12.5	15.5	3.0
40690		2.0	4.0	4.0		4.0	5.0	5.0		3.0	4.0	5.0		4.0	5.0	5.0		4.0	5.0	5.0		4.0	5.0	5.0		21.0	28.0	29.0	7.0	8.0	1.0
40697	5.0				3.0				5.0				5.0				4.0				4.0				26.0						
40710	3.0				4.0				3.0				4.0				4.0				4.0				22.0						
40713	4.0				2.0				3.0				4.0				4.0				3.0				20.0						
40765		2.0	4.5	4.5		0.0	5.0	5.0		3.0	5.0	5.0		4.0	5.0	5.0		3.0	5.0	5.0		2.0	5.0	5.0		14.0	29.5	29.5	15.5	15.5	0.0
40772	3.5				2.0				4.0				4.5				3.5				4.0				21.5						
40803		2.0	4.0	5.0		1.0	5.0	5.0		3.0	4.5	5.0		3.0	5.0	5.0		3.0	5.0	5.0		3.0	5.0	5.0		15.0	28.5	30.0	13.5	15.0	1.5
40865		3.0	5.0	5.0		0.0	5.0	5.0		3.0	4.5	5.0		3.0	5.0	5.0		2.0	5.0	5.0		2.0	5.0	5.0		13.0	29.5	30.0	16.5	17.0	0.5
40869		3.0	4.0	5.0		0.0	5.0	5.0		3.0	4.0	5.0		4.0	5.0	5.0		2.5	5.0	5.0		2.5	5.0	5.0		15.0	28.0	30.0	13.0	15.0	2.0
40887		2.0	4.0	5.0		0.0	5.0	5.0		3.0	5.0	5.0		3.0	5.0	5.0		2.0	4.0	5.0		2.0	5.0	5.0		12.0	28.0	30.0	16.0	18.0	2.0
40898		3.0	4.0	5.0		0.0	5.0	5.0		3.0	5.0	5.0		3.5	5.0	5.0		3.0	5.0	5.0		2.5	5.0	5.0		15.0	29.0	30.0	14.0	15.0	1.0
40906		3.0	4.0	4.0		1.0	5.0	5.0		4.0	5.0	5.0		4.0	5.0	5.0		4.0	5.0	5.0		3.0	5.0	5.0		19.0	29.0	29.0	10.0	10.0	0.0
40926		3.0	5.0	5.0		1.0	5.0	5.0		3.0	5.0	5.0		3.0	5.0	5.0		2.0	5.0	5.0		2.0	5.0	5.0		14.0	30.0	30.0	16.0	16.0	0.0
40929		2.0	4.5	5.0		1.0	5.0	5.0		3.0	4.5	5.0		3.0	4.5	5.0		3.0	5.0	5.0		2.0	5.0	5.0		14.0	28.5	30.0	14.5	16.0	1.5
40943	4.0				2.0				4.0				4.0				3.0				3.0				20.0						
40975	2.5				1.0				3.0				4.0				3.0				2.0				15.5						
40978		2.5	5.0	4.0		0.0	5.0	5.0		3.0	5.0	5.0		3.0	5.0	5.0		3.0	5.0	5.0		3.0	5.0	5.0		14.5	30.0	29.0	15.5	14.5	-1.0
41011		2.0	4.0	5.0		3.0	5.0	5.0		3.0	4.5	5.0		3.5	5.0	5.0		4.0	5.0	5.0		3.0	5.0	5.0		18.5	28.5	30.0	10.0	11.5	1.5
41022	4.0				4.0				4.0				4.0				5.0				4.0				25.0						
41023	4.0				2.0				3.5				5.0				4.0				4.0				22.5						
41088	4.0				2.0				4.0				4.0				4.0				4.0				22.0						
41093		2.0	4.0	4.5		2.0	5.0	5.0		3.0	4.5	4.5		3.0	5.0	5.0		3.0	5.0	5.0		3.0	5.0	5.0		16.0	28.5	29.0	12.5	13.0	0.5
41096		1.0	5.0	4.5		0.0	5.0	5.0		2.0	5.0	5.0		3.0	5.0	5.0		3.0	5.0	5.0		2.0	5.0	5.0		11.0	30.0	29.5	19.0	18.5	-0.5
45015	4.0				3.0				4.0				4.0				3.0				4.0				22.0						
45044		2.0	4.0	5.0		1.0	5.0	5.0		3.0	4.0	5.0		4.0	5.0	5.0		4.0	5.0	5.0		3.0	5.0	5.0		17.0	28.0	30.0	11.0	13.0	2.0
45059	3.5				4.0				4.0				4.5				5.0				5.0				26.0						
45075		2.0	4.0	5.0		0.0	5.0	5.0		2.0	3.0	5.0		2.5	5.0	5.0		2.0	5.0	5.0		1.5	5.0	5.0		10.0	27.0	30.0	17.0	20.0	3.0
45078		3.5	4.5	5.0		4.0	5.0	5.0		3.5	5.0	5.0		4.0	5.0	5.0		4.0	5.0	5.0		4.0	5.0	5.0		23.0	29.5	30.0	6.5	7.0	0.5
45081	4.0				2.0				4.0				4.0				4.0				3.0				21.0						
45124		4.0	4.0	4.5		2.0	5.0	5.0		3.0	3.5	5.0		4.0	5.0	5.0		4.0	5.0	4.0		3.0	5.0	5.0		20.0	27.5	28.5	7.5	8.5	1.0
45141	4.0				4.0				4.0				5.0				4.0				5.0				26.0						
45169	3.0				4.0				4.0				4.0				4.0				4.0				23.0						
45186	4.0				4.0				4.0				4.5				5.0				4.0				25.5						
45241		4.0	5.0	5.0		4.0	5.0	5.0		4.0	4.0	5.0		4.0	5.0	5.0		5.0	5.0	5.0		3.0	5.0	5.0		24.0	29.0	30.0	5.0	6.0	1.0
45268		2.0	4.0	5.0		0.0	5.0	5.0		3.0	5.0	5.0		3.0	5.0	5.0		2.0	5.0	5.0		2.0	5.0	5.0		12.0	29.0	30.0	17.0	18.0	1.0
45279	4.0				2.0				4.0				4.0				3.0				3.0				20.0						
45355	4.0				4.0				4.0				5.0				4.0				5.0				26.0						
45357		1.0	4.5	5.0		3.0	5.0	5.0		2.0	5.0	5.0		3.0	5.0	5.0		3.0	5.0	5.0		3.0	5.0	5.0		15.0	29.5	30.0	14.5	15.0	0.5
45389		3.0	5.0	5.0		2.0	5.0	5.0		3.0	5.0	5.0		4.0	5.0	5.0		4.0	5.0	5.0		3.0	5.0	5.0		19.0	30.0	30.0	11.0	11.0	0.0
45519		3.0	4.0	4.0		2.0	5.0	5.0		3.0	3.5	5.0		3.5	5.0	5.0		3.5	5.0	5.0		3.0	5.0	5.0		18.0	27.5	29.0	9.5	11.0	1.5
45531		2.0	4.0	5.0		2.0	5.0	5.0		3.0	5.0	5.0		4.0	5.0	5.0		4.0	4.0	5.0		3.0	5.0	5.0		18.0	28.0	30.0	10.0	12.0	2.0
45576	4.0				4.0				5.0				5.0				5.0				5.0				28.0						
45638		2.5	4.5	4.5		4.0	5.0	5.0		3.0	4.5	5.0		4.5	5.0	5.0		3.0	5.0	5.0		4.0	5.0	5.0		21.0	29.0	29.5	8.0	8.5	0.5
45667		2.5	4.5	4.0		0.0	5.0	5.0		3.0	5.0	5.0		3.0	5.0	5.0		3.0	5.0	5.0		1.0	5.0	5.0		12.5	29.5	29.0	17.0	16.5	-0.5
45746		2.0	4.0	5.0		1.0	5.0	5.0		2.0	3.5	5.0		3.0	5.0	5.0		2.0	5.0	5.0		3.0	5.0	5.0		13.0	27.5	30.0	14.5	17.0	2.5
45996		3.0	4.5	4.0		4.0	5.0	5.0		4.0	5.0	5.0		4.0	5.0	5.0		4.0	5.0	5.0		4.0	5.0	5.0		23.0	29.5	29.0	6.5	6.0	-0.5
46003	3.0				2.0				4.0				4.0				4.0				3.0				20.0						
46034		3.0	5.0	5.0		3.0	5.0	5.0		3.5	5.0	5.0		4.0	5.0	5.0		4.0	5.0	5.0		4.0	5.0	5.0		21.5	30.0	30.0	8.5	8.5	0.0
46108		2.0	4.0	5.0		4.0	5.0	5.0		3.0	4.5	5.0		4.0	5.0	5.0		4.0	5.0	5.0		4.0	5.0	5.0		21.0	28.5	30.0	7.5	9.0	1.5
46249		2.0	4.0	5.0		3.0	5.0	5.0		3.0	5.0	5.0		4.0	5.0	5.0		3.0	5.0	5.0		3.0	5.0	5.0		18.0	29.0	30.0	11.0	12.0	1.0
46255		4.0	5.0	5.0		3.0	5.0	5.0		4.0	5.0	5.0		4.0	5.0	5.0		5.0	5.0	5.0		4.0	5.0	5.0		24.0	30.0	30.0	6.0	6.0	0.0
46260	3.0				4.0				3.0				4.0				4.0				5.0				23.0						
46273		2.0	4.0	4.0		0.0	5.0	5.0		3.0	5.0	4.0		3.0	5.0	5.0		2.0	5.0	5.0		2.0	5.0	5.0		12.0	29.0	28.0	17.0	16.0	-1.0
46276		2.0	5.0	5.0		2.0	5.0	5.0		3.0	5.0	5.0		4.0	5.0	5.0		4.0	5.0	5.0		3.0	5.0	5.0		18.0	30.0	30.0	12.0	12.0	0.0
46288		2.0	4.5	5.0		2.0	5.0	5.0		3.0	4.5	5.0		3.0	5.0	5.0		3.0	5.0	5.0		2.0	5.0	5.0		15.0	29.0	30.0	14.0	15.0	1.0
46290		3.0	4.0	4.0		3.0	5.0	5.0		4.0	4.5	4.0		4.0	5.0	5.0		3.0	5.0	5.0		4.0	5.0	5.0		21.0	28.5	28.0	7.5	7.0	-0.5
46321	4.0				2.0				3.0				4.0				4.0				3.0				20.0						
46479	4.5				5.0				4.0				5.0				4.0				5.0				27.5						
46597	4.0				5.0				4.0				5.0				5.0				5.0				28.0						
46626		2.0	3.0	4.5		0.0	5.0	5.0		3.0	4.0	5.0		3.0	5.0	5.0		4.0	4.0	5.0		2.0	5.0	5.0		14.0	26.0	29.5	12.0	15.5	3.5
46656	4.0				5.0				4.0				5.0				5.0				5.0				28.0						
46687		2.0	4.5	5.0		3.0	5.0	5.0		3.0	5.0	5.0		4.0	5.0	5.0		3.0	5.0	5.0		4.0	5.0	5.0		19.0	29.5	30.0	10.5	11.0	0.5
46699		3.0	5.0	4.5		3.0	5.0	5.0		4.0	5.0	5.0		4.0	5.0	5.0		4.5	5.0	5.0		4.0	5.0	5.0		22.5	30.0	29.5	7.5	7.0	-0.5
46705		2.0	4.0	4.0		0.0	5.0	5.0		3.0	5.0	4.0		3.0	5.0	5.0		3.0	5.0	5.0		2.0	5.0	5.0		13.0	29.0	28.0	16.0	15.0	-1.0
46711	4.0				0.0				4.0				4.0				4.0				3.0				19.0						
46724		2.0	5.0	4.5		3.0	5.0	5.0		2.5	5.0	4.5		3.0	5.0	5.0		4.0	5.0	5.0		3.0	5.0	5.0		17.5	30.0	29.0	12.5	11.5	-1.0
46743		2.5	4.0	4.0		0.0	5.0	5.0		3.0	3.0	4.5		3.0	5.0	5.0		2.0	5.0	5.0		3.0	5.0	5.0		13.5	27.0	28.5	13.5	15.0	1.5
46771	3.0				3.0				4.0				4.0				4.0				4.0				22.0						
46946		2.0	4.0	5.0		0.0	5.0	5.0		3.0	4.0	5.0		4.0	5.0	5.0		3.0	4.0	5.0		3.0	5.0	5.0		15.0	27.0	30.0	12.0	15.0	3.0
46998	4.5				2.0				4.0				4.0				3.0				3.0				20.5						
47002	4.0				0.0				3.0				4.0				4.0				3.0				18.0						
47010		3.0	4.0	4.5		0.0	5.0	5.0		4.0	4.5	5.0		3.0	5.0	5.0		2.0	5.0	5.0		2.0	5.0	5.0		14.0	28.5	29.5	14.5	15.5	1.0
47046		2.0	4.0	5.0		0.0	5.0	5.0		3.0	3.5	5.0		3.0	5.0	5.0		2.0	5.0	5.0		1.0	5.0	5.0		11.0	27.5	30.0	16.5	19.0	2.5
47068		2.0	3.5	4.0		1.0	4.5	5.0		3.0	3.5	4.5		4.0	5.0	5.0		4.0	4.5	5.0		3.0	5.0	5.0		17.0	26.0	28.5	9.0	11.5	2.5
47099	3.0				2.0				3.0				4.0				3.0				3.0				18.0						
47123		1.0	5.0	4.0		0.0	5.0	5.0		3.0	5.0	5.0		3.0	5.0	5.0		4.0	4.0	5.0		3.0	5.0	5.0		14.0	29.0	29.0	15.0	15.0	0.0
