composition_id	base_id	candidate_band	candidate_group	adequacao_a_coletanea_gpt_ai	adequacao_a_coletanea_human	adequacao_a_norma_padrao_gpt_ai	adequacao_a_norma_padrao_human	adequacao_ao_tema_gpt_ai	adequacao_ao_tema_human	adequacao_ao_tipo_de_texto_gpt_ai	adequacao_ao_tipo_de_texto_human	coerencia_gpt_ai	coerencia_human	coesao_gpt_ai	coesao_human	pontuacao_total_gpt_ai	pontuacao_total_human	total_diff_ai_minus_human	total_abs_diff
32610_human_low	32610	low	human_low	2.0	1.0	0.0	2.5	3.0	1.0	3.5	2.0	3.0	1.5	2.0	3.5	13.5	11.5	2.0	2.0
32674_human_low	32674	low	human_low	2.0	1.0	0.0	0.5	3.0	1.0	3.0	2.0	2.0	1.0	2.0	1.0	12.0	6.5	5.5	5.5
32714_human_low	32714	low	human_low	2.5	1.0	1.0	1.0	3.5	1.0	3.0	2.5	3.0	1.5	2.0	2.0	15.0	9.0	6.0	6.0
32733_human_low	32733	low	human_low	2.0	2.0	0.0	1.0	3.0	1.5	3.0	2.5	3.0	2.0	3.0	2.0	14.0	11.0	3.0	3.0
32749_human_low	32749	low	human_low	1.0	1.0	4.0	1.5	3.0	1.0	3.0	2.5	3.0	2.0	3.0	3.5	17.0	11.5	5.5	5.5
32755_human_low	32755	low	human_low	1.0	1.0	0.0	0.5	2.0	1.5	2.0	2.5	2.0	1.5	1.0	0.5	8.0	7.5	0.5	0.5
32757_human_high	32757	high	human_high	2.5	3.0	3.0	4.5	2.5	3.0	3.5	3.0	4.0	3.0	3.5	3.0	19.0	19.5	-0.5	0.5
32782_human_low	32782	low	human_low	3.0	1.0	2.0	0.0	3.5	1.0	4.0	2.0	3.5	1.0	3.5	3.0	19.5	8.0	11.5	11.5
32792_human_low	32792	low	human_low	2.0	1.5	0.0	0.0	3.0	1.0	3.0	2.0	3.0	1.5	2.0	1.0	13.0	7.0	6.0	6.0
32860_human_low	32860	low	human_low	3.0	1.0	1.0	3.0	4.0	1.0	3.0	2.0	2.0	2.0	2.0	1.5	15.0	10.5	4.5	4.5
32875_human_high	32875	high	human_high	3.0	3.5	2.0	3.0	3.0	4.0	5.0	4.5	5.0	3.0	4.0	2.0	22.0	20.0	2.0	2.0
33083_human_high	33083	high	human_high	2.5	2.5	4.5	4.5	2.5	2.5	3.5	3.5	3.5	3.5	3.5	3.5	20.0	20.0	0.0	0.0
33167_human_low	33167	low	human_low	3.0	2.0	0.0	0.5	4.0	1.5	4.0	2.0	2.0	2.0	3.0	0.5	16.0	8.5	7.5	7.5
33228_human_high	33228	high	human_high	3.0	3.0	0.0	4.0	3.0	2.5	4.0	3.5	4.0	3.0	4.0	4.0	18.0	20.0	-2.0	2.0
33310_human_low	33310	low	human_low	2.0	1.0	4.0	3.5	3.0	1.0	4.0	2.0	5.0	2.0	4.0	1.0	22.0	10.5	11.5	11.5
33360_human_low	33360	low	human_low	3.0	2.0	0.0	1.0	4.0	2.0	4.0	2.5	3.0	2.0	2.0	1.0	16.0	10.5	5.5	5.5
33383_human_high	33383	high	human_high	3.0	3.0	2.0	2.5	3.0	3.0	4.0	3.5	4.0	3.0	3.5	4.0	19.5	19.0	0.5	0.5
33436_human_low	33436	low	human_low	3.0	1.0	0.0	0.5	4.0	1.0	4.0	2.0	4.0	1.5	3.0	2.5	18.0	8.5	9.5	9.5
33465_human_low	33465	low	human_low	2.5	1.5	0.0	3.5	3.0	1.0	3.0	2.0	3.0	1.5	2.5	0.0	14.0	9.5	4.5	4.5
33497_human_low	33497	low	human_low	2.0	1.0	1.0	0.0	3.0	2.0	4.0	2.5	3.0	2.5	3.0	0.5	16.0	8.5	7.5	7.5
33645_human_low	33645	low	human_low	2.0	1.0	0.0	1.5	3.0	1.5	3.0	2.0	3.0	2.0	2.0	0.5	13.0	8.5	4.5	4.5
33669_human_high	33669	high	human_high	2.5	3.0	3.0	4.0	3.0	3.0	4.0	3.5	4.0	3.0	4.0	4.0	20.5	20.5	0.0	0.0
33787_human_low	33787	low	human_low	1.0	1.0	1.0	1.0	1.0	1.0	2.0	2.0	1.0	1.0	3.0	3.0	9.0	9.0	0.0	0.0
33789_human_low	33789	low	human_low	2.0	1.0	0.0	1.0	3.0	2.5	3.0	2.5	2.0	1.5	2.0	1.0	12.0	9.5	2.5	2.5
33849_human_high	33849	high	human_high	3.5	2.5	2.0	3.0	3.5	3.5	4.0	4.0	4.0	4.0	4.0	3.0	21.0	20.0	1.0	1.0
33856_human_low	33856	low	human_low	2.5	2.5	0.0	0.0	2.5	2.5	2.0	2.0	2.0	2.0	1.5	1.5	10.5	10.5	0.0	0.0
33862_human_low	33862	low	human_low	3.0	1.0	0.0	4.0	4.0	1.0	3.0	1.5	3.0	1.0	2.0	3.0	15.0	11.5	3.5	3.5
33871_human_low	33871	low	human_low	3.0	2.0	2.0	0.5	3.0	2.0	3.0	2.5	4.0	2.5	3.0	0.5	18.0	10.0	8.0	8.0
33879_human_high	33879	high	human_high	4.0	4.0	2.0	2.5	3.5	3.5	4.0	3.5	4.0	4.0	3.0	3.5	20.5	21.0	-0.5	0.5
33890_human_high	33890	high	human_high	3.0	3.0	4.0	4.0	3.0	3.5	4.0	4.0	4.0	5.0	5.0	5.0	23.0	24.5	-1.5	1.5
33895_human_high	33895	high	human_high	4.0	3.0	1.0	4.0	4.0	3.5	4.5	4.0	4.0	4.0	4.0	3.0	21.5	21.5	0.0	0.0
33914_human_high	33914	high	human_high	2.5	2.0	3.0	3.0	3.0	3.0	4.0	3.0	4.0	4.0	3.0	4.5	19.5	19.5	0.0	0.0
33927_human_high	33927	high	human_high	4.0	3.5	4.0	4.0	3.0	3.5	4.0	4.0	4.0	3.5	4.0	3.5	23.0	22.0	1.0	1.0
33948_human_low	33948	low	human_low	2.0	2.0	0.0	0.5	3.0	2.0	3.0	2.0	3.0	2.0	2.0	2.5	13.0	11.0	2.0	2.0
33964_human_low	33964	low	human_low	3.0	2.0	0.0	0.0	3.0	2.0	3.0	2.5	2.0	2.5	3.0	2.0	14.0	11.0	3.0	3.0
33975_human_high	33975	high	human_high	2.0	2.5	2.0	5.0	3.0	3.0	4.0	3.0	4.0	2.5	4.0	3.0	19.0	19.0	0.0	0.0
33978_human_high	33978	high	human_high	3.0	3.5	2.0	1.0	3.0	3.5	4.0	4.0	3.0	3.0	3.0	4.0	18.0	19.0	-1.0	1.0
33991_human_high	33991	high	human_high	3.0	3.0	3.0	3.0	3.5	3.5	3.5	3.5	4.0	4.0	4.5	4.5	21.5	21.5	0.0	0.0
33999_human_high	33999	high	human_high	3.5	3.0	4.5	3.0	4.0	3.0	4.5	3.5	4.0	3.5	4.5	4.5	25.0	20.5	4.5	4.5
34009_human_low	34009	low	human_low	3.0	1.0	3.0	0.0	3.5	1.0	4.5	3.5	5.0	1.0	4.0	3.5	23.0	10.0	13.0	13.0
34025_human_low	34025	low	human_low	2.0	1.0	3.0	0.5	3.0	1.0	4.0	2.0	3.0	1.0	4.0	2.5	19.0	8.0	11.0	11.0
34032_human_high	34032	high	human_high	3.0	3.0	4.0	4.5	3.0	3.0	4.0	3.0	3.0	3.0	4.0	3.5	21.0	20.0	1.0	1.0
34046_human_low	34046	low	human_low	2.0	1.0	1.0	1.5	3.0	1.0	4.0	2.0	3.0	2.0	4.0	2.5	17.0	10.0	7.0	7.0
34050_human_high	34050	high	human_high	4.0	3.5	4.0	3.5	4.5	3.5	4.0	3.0	4.0	3.5	4.0	2.0	24.5	19.0	5.5	5.5
34084_human_high	34084	high	human_high	4.5	3.0	4.0	5.0	4.0	3.5	4.0	3.0	4.0	3.5	4.0	4.0	24.5	22.0	2.5	2.5
34086_human_high	34086	high	human_high	4.0	3.0	3.0	4.0	3.0	3.0	4.5	3.5	4.0	3.0	4.0	2.5	22.5	19.0	3.5	3.5
34096_human_high	34096	high	human_high	3.0	4.0	3.0	3.5	3.0	4.5	4.0	4.0	4.0	5.0	3.0	3.5	20.0	24.5	-4.5	4.5
34116_human_high	34116	high	human_high	4.0	2.5	5.0	4.0	5.0	2.5	5.0	3.5	5.0	3.5	5.0	4.0	29.0	20.0	9.0	9.0
34148_human_high	34148	high	human_high	3.5	3.5	2.0	4.5	4.0	4.0	4.0	3.5	3.0	5.0	3.0	4.0	19.5	24.5	-5.0	5.0
34175_human_high	34175	high	human_high	4.0	2.5	5.0	4.0	4.0	2.5	5.0	2.5	5.0	3.5	5.0	4.5	28.0	19.5	8.5	8.5
34185_human_low	34185	low	human_low	2.0	1.0	0.0	0.0	3.0	2.0	4.0	3.0	4.0	3.0	3.0	1.0	16.0	10.0	6.0	6.0
34210_human_low	34210	low	human_low	3.0	1.0	0.0	0.0	4.0	2.0	3.5	2.0	4.0	3.0	2.0	3.0	16.5	11.0	5.5	5.5
34236_human_low	34236	low	human_low	3.0	1.0	1.5	0.0	4.0	1.0	4.0	3.0	4.0	2.0	2.5	1.5	19.0	8.5	10.5	10.5
34251_human_low	34251	low	human_low	2.0	2.0	0.0	1.0	3.0	2.0	4.0	2.5	3.0	2.0	2.0	2.0	14.0	11.5	2.5	2.5
34273_human_low	34273	low	human_low	2.0	1.5	0.0	0.0	3.0	1.5	4.0	2.0	3.0	2.5	2.0	2.5	14.0	10.0	4.0	4.0
34277_human_high	34277	high	human_high	4.5	3.5	4.0	4.5	4.5	3.5	4.5	3.5	4.0	3.5	3.5	4.0	25.0	22.5	2.5	2.5
34281_human_high	34281	high	human_high	4.0	3.0	3.0	4.0	3.0	3.0	4.0	4.0	3.5	3.0	4.0	4.0	21.5	21.0	0.5	0.5
34306_human_high	34306	high	human_high	3.0	3.0	0.0	4.0	4.0	4.0	4.0	4.0	4.0	4.0	3.0	4.0	18.0	23.0	-5.0	5.0
34308_human_low	34308	low	human_low	2.5	2.0	1.0	1.5	2.5	2.0	3.0	2.0	3.0	2.5	3.0	0.5	15.0	10.5	4.5	4.5
34353_human_high	34353	high	human_high	2.5	2.5	0.0	4.5	3.0	2.5	3.0	4.0	2.0	2.5	2.0	4.5	12.5	20.5	-8.0	8.0
34356_human_low	34356	low	human_low	2.0	0.0	0.0	0.0	3.0	0.0	3.0	0.0	3.0	0.0	2.5	0.0	13.5	0.0	13.5	13.5
34362_human_low	34362	low	human_low	1.0	0.5	0.0	0.0	2.0	1.0	2.0	1.5	1.0	1.5	0.0	0.0	6.0	4.5	1.5	1.5
34381_human_high	34381	high	human_high	3.0	4.0	3.0	3.0	3.5	3.5	4.0	3.5	3.0	3.0	3.0	2.5	19.5	19.5	0.0	0.0
34419_human_high	34419	high	human_high	3.5	3.0	3.0	3.0	3.5	3.0	4.5	3.5	4.0	4.0	4.0	3.5	22.5	20.0	2.5	2.5
34461_human_high	34461	high	human_high	3.5	3.0	0.0	3.5	3.5	3.0	4.0	4.0	2.0	3.0	2.0	3.0	15.0	19.5	-4.5	4.5
34511_human_high	34511	high	human_high	5.0	3.5	2.0	3.5	4.0	3.5	4.0	4.0	4.0	3.5	3.0	2.0	22.0	20.0	2.0	2.0
34537_human_low	34537	low	human_low	2.5	2.0	0.0	1.5	3.0	2.0	3.5	2.5	4.0	2.5	3.0	0.5	16.0	11.0	5.0	5.0
34613_human_low	34613	low	human_low	3.0	1.5	0.0	1.0	3.5	1.5	3.0	2.0	3.0	2.5	2.0	3.0	14.5	11.5	3.0	3.0
34616_human_low	34616	low	human_low	2.0	3.0	1.0	0.0	3.0	2.0	3.0	2.5	3.0	2.0	2.0	0.5	14.0	10.0	4.0	4.0
34618_human_low	34618	low	human_low	2.0	1.5	0.0	2.0	3.0	2.0	3.0	2.5	2.0	2.0	2.0	0.0	12.0	10.0	2.0	2.0
34637_human_low	34637	low	human_low	2.0	1.0	0.0	2.5	3.0	1.0	3.0	2.5	2.0	1.5	2.0	2.5	12.0	11.0	1.0	1.0
34638_human_low	34638	low	human_low	2.0	1.0	0.0	0.0	3.0	2.5	4.0	2.0	3.0	3.0	2.0	1.5	14.0	10.0	4.0	4.0
34641_human_high	34641	high	human_high	4.0	4.0	3.0	4.0	4.0	4.0	5.0	4.0	5.0	3.5	4.0	2.5	25.0	22.0	3.0	3.0
34642_human_low	34642	low	human_low	2.0	0.5	2.0	3.0	3.0	1.5	3.0	2.0	4.0	2.5	3.0	0.0	17.0	9.5	7.5	7.5
34648_human_high	34648	high	human_high	4.0	3.5	4.0	3.5	4.0	4.0	5.0	3.5	4.0	3.0	4.0	4.0	25.0	21.5	3.5	3.5
34652_human_high	34652	high	human_high	4.0	4.0	3.0	3.5	4.5	3.5	4.5	3.5	4.0	3.5	3.5	3.0	23.5	21.0	2.5	2.5
34675_human_high	34675	high	human_high	4.0	3.5	5.0	3.5	4.0	3.0	5.0	3.5	5.0	3.0	5.0	3.5	28.0	20.0	8.0	8.0
34698_human_high	34698	high	human_high	4.5	3.5	4.0	4.5	4.5	3.5	5.0	3.5	5.0	3.0	5.0	4.0	28.0	22.0	6.0	6.0
34714_human_low	34714	low	human_low	1.0	1.0	0.0	0.0	2.0	2.0	2.0	2.0	2.0	2.0	1.0	1.0	8.0	8.0	0.0	0.0
34717_human_high	34717	high	human_high	4.5	4.0	4.0	4.0	4.5	3.5	5.0	3.5	5.0	3.5	5.0	4.0	28.0	22.5	5.5	5.5
34726_human_high	34726	high	human_high	3.0	3.0	5.0	5.0	4.0	5.0	4.0	3.5	5.0	4.5	5.0	5.0	26.0	26.0	0.0	0.0
34743_human_low	34743	low	human_low	2.0	1.0	0.0	2.5	3.0	1.0	3.0	1.5	3.0	1.0	3.0	2.5	14.0	9.5	4.5	4.5
34754_human_high	34754	high	human_high	4.5	3.5	4.0	4.5	4.5	3.5	4.0	4.0	5.0	3.5	5.0	3.5	27.0	22.5	4.5	4.5
34802_human_high	34802	high	human_high	3.0	2.5	4.0	4.0	3.0	3.0	4.0	3.0	5.0	3.5	4.0	4.0	23.0	20.0	3.0	3.0
34807_human_low	34807	low	human_low	4.0	1.0	3.0	2.0	4.0	1.0	3.5	2.0	4.0	1.0	3.0	2.0	21.5	9.0	12.5	12.5
34811_human_high	34811	high	human_high	4.0	4.0	5.0	5.0	4.0	4.0	4.0	4.0	4.0	4.0	5.0	5.0	26.0	26.0	0.0	0.0
34813_human_high	34813	high	human_high	3.5	4.0	4.0	5.0	3.0	4.0	4.0	4.0	5.0	4.5	4.0	3.0	23.5	24.5	-1.0	1.0
34823_human_low	34823	low	human_low	3.0	2.0	0.0	0.5	3.0	2.0	4.0	2.5	2.0	2.0	2.0	2.0	14.0	11.0	3.0	3.0
34832_human_high	34832	high	human_high	4.0	3.0	4.0	3.0	4.0	3.0	4.5	3.5	4.0	3.0	4.0	4.0	24.5	19.5	5.0	5.0
34841_human_high	34841	high	human_high	3.5	3.5	4.5	4.5	3.5	3.5	4.0	4.0	4.0	4.0	3.5	3.5	23.0	23.0	0.0	0.0
34844_human_high	34844	high	human_high	3.0	3.0	5.0	5.0	3.0	3.0	4.0	4.0	4.5	4.5	5.0	5.0	24.5	24.5	0.0	0.0
34875_human_high	34875	high	human_high	3.5	1.0	4.0	4.0	4.0	2.5	4.0	4.0	4.0	3.5	5.0	4.5	24.5	19.5	5.0	5.0
34895_human_low	34895	low	human_low	3.0	2.0	2.0	0.5	4.0	2.0	4.0	2.0	4.0	2.0	4.0	0.0	21.0	8.5	12.5	12.5
34901_human_high	34901	high	human_high	3.5	3.0	3.0	4.5	4.0	2.0	4.5	4.0	4.0	4.5	4.0	4.5	23.0	22.5	0.5	0.5
34967_human_high	34967	high	human_high	4.0	3.5	2.0	2.5	4.5	3.0	5.0	3.5	4.0	3.0	4.0	4.0	23.5	19.5	4.0	4.0
34971_human_low	34971	low	human_low	2.0	1.5	1.0	1.5	3.0	1.5	4.0	2.5	3.0	2.0	3.0	2.5	16.0	11.5	4.5	4.5
34994_human_high	34994	high	human_high	3.0	2.0	3.0	4.0	3.5	3.0	4.5	3.0	5.0	4.5	5.0	4.5	24.0	21.0	3.0	3.0
35019_human_low	35019	low	human_low	2.0	1.5	2.0	1.0	3.0	1.0	3.0	2.0	3.0	2.5	3.0	3.0	16.0	11.0	5.0	5.0
35028_human_low	35028	low	human_low	2.0	1.5	0.0	0.0	3.0	2.0	3.0	2.5	3.0	2.0	3.0	2.0	14.0	10.0	4.0	4.0
35053_human_high	35053	high	human_high	3.0	3.5	3.0	4.0	3.0	3.5	4.0	3.5	4.0	2.5	4.0	4.0	21.0	21.0	0.0	0.0
35056_human_low	35056	low	human_low	3.0	1.0	4.0	3.0	3.5	1.0	2.0	1.5	3.0	1.5	2.0	1.5	17.5	9.5	8.0	8.0
35071_human_low	35071	low	human_low	4.0	0.0	3.0	0.0	3.0	0.0	4.0	0.0	4.0	0.0	4.0	0.0	22.0	0.0	22.0	22.0
35072_human_low	35072	low	human_low	3.0	1.0	3.0	3.0	4.0	1.0	3.0	2.0	4.0	1.5	3.0	3.0	20.0	11.5	8.5	8.5
35077_human_high	35077	high	human_high	2.5	4.0	4.0	3.5	3.0	3.0	4.0	3.5	4.0	3.5	4.0	3.0	21.5	20.5	1.0	1.0
35100_human_high	35100	high	human_high	3.0	4.0	4.0	4.0	4.0	4.0	4.0	2.0	5.0	3.5	4.0	4.5	24.0	22.0	2.0	2.0
35121_human_high	35121	high	human_high	3.5	3.5	4.0	4.0	4.0	4.0	2.5	2.5	4.0	4.0	3.0	3.0	21.0	21.0	0.0	0.0
35125_human_high	35125	high	human_high	2.0	2.0	4.0	4.0	3.0	3.0	4.0	3.5	4.0	4.0	3.0	3.5	20.0	20.0	0.0	0.0
35126_human_high	35126	high	human_high	3.0	1.5	5.0	4.5	3.5	3.0	4.0	3.5	5.0	3.0	5.0	4.0	25.5	19.5	6.0	6.0
35131_human_low	35131	low	human_low	2.0	1.0	2.0	1.0	3.0	1.0	3.0	1.0	3.0	1.5	4.0	3.0	17.0	8.5	8.5	8.5
35134_human_high	35134	high	human_high	2.5	3.5	4.0	4.5	3.0	3.0	4.5	4.0	4.0	3.5	4.5	4.5	22.5	23.0	-0.5	0.5
35136_human_low	35136	low	human_low	3.5	2.5	2.0	0.5	4.0	2.0	3.5	2.5	3.0	2.5	3.0	1.5	19.0	11.5	7.5	7.5
35163_human_low	35163	low	human_low	4.0	1.0	2.0	4.0	4.0	1.0	3.5	1.5	2.5	1.5	3.0	2.5	19.0	11.5	7.5	7.5
35173_human_low	35173	low	human_low	1.0	1.5	0.0	0.0	2.0	2.0	3.0	1.5	3.0	2.0	3.0	2.0	12.0	9.0	3.0	3.0
35198_human_low	35198	low	human_low	1.5	1.0	1.0	1.5	2.0	1.0	3.0	2.5	2.0	2.0	2.0	2.5	11.5	10.5	1.0	1.0
35214_human_low	35214	low	human_low	2.0	1.5	0.0	0.0	3.0	2.5	3.5	2.5	4.0	3.0	3.0	1.5	15.5	11.0	4.5	4.5
35217_human_low	35217	low	human_low	1.0	0.0	2.0	0.0	1.5	0.0	3.0	0.0	3.0	0.0	3.0	0.0	13.5	0.0	13.5	13.5
35220_human_low	35220	low	human_low	3.0	1.0	2.0	2.0	3.0	1.0	4.0	1.5	4.0	1.0	3.0	2.0	19.0	8.5	10.5	10.5
35228_human_low	35228	low	human_low	2.0	2.0	0.0	0.5	3.0	2.0	4.0	2.5	3.0	1.5	3.0	0.5	15.0	9.0	6.0	6.0
35240_human_high	35240	high	human_high	3.5	3.5	4.0	4.0	4.0	4.0	4.5	4.5	5.0	5.0	4.0	4.0	25.0	25.0	0.0	0.0
35247_human_high	35247	high	human_high	3.5	3.0	2.0	5.0	3.0	3.0	4.0	3.5	3.0	3.5	3.0	4.0	18.5	22.0	-3.5	3.5
35278_human_low	35278	low	human_low	3.0	1.5	0.0	0.5	4.0	1.5	2.0	2.0	2.0	2.5	3.0	2.0	14.0	10.0	4.0	4.0
35291_human_low	35291	low	human_low	2.0	1.0	2.0	0.0	3.0	1.0	3.5	1.0	4.0	1.0	3.0	4.0	17.5	8.0	9.5	9.5
35378_human_high	35378	high	human_high	4.0	2.5	0.0	3.0	4.0	4.0	4.0	4.0	4.0	2.0	3.0	4.0	19.0	19.5	-0.5	0.5
35400_human_high	35400	high	human_high	4.0	4.0	4.0	3.5	3.0	4.0	5.0	4.5	4.0	4.5	4.0	3.0	24.0	23.5	0.5	0.5
35451_human_high	35451	high	human_high	3.5	3.0	4.0	4.0	3.0	3.0	4.0	3.0	5.0	3.0	5.0	4.0	24.5	20.0	4.5	4.5
35457_human_low	35457	low	human_low	4.0	1.5	1.5	0.0	4.0	1.5	4.0	1.5	3.0	1.5	3.0	3.0	19.5	9.0	10.5	10.5
35464_human_high	35464	high	human_high	4.0	3.0	3.0	4.0	4.0	4.0	4.0	3.5	4.0	4.0	3.5	2.0	22.5	20.5	2.0	2.0
35465_human_low	35465	low	human_low	2.0	1.5	0.0	0.5	3.0	2.0	3.0	2.0	2.0	3.0	2.0	2.0	12.0	11.0	1.0	1.0
35482_human_high	35482	high	human_high	4.0	3.0	4.0	4.0	3.5	3.0	4.0	3.0	4.0	3.5	3.5	3.0	23.0	19.5	3.5	3.5
35485_human_low	35485	low	human_low	3.0	3.5	0.0	0.0	3.0	2.5	3.0	3.0	2.0	1.5	1.0	0.0	12.0	10.5	1.5	1.5
35496_human_high	35496	high	human_high	4.0	3.0	0.0	3.0	4.0	3.0	4.0	4.0	3.0	4.0	3.0	3.0	18.0	20.0	-2.0	2.0
35497_human_high	35497	high	human_high	4.0	4.0	5.0	4.0	3.5	4.0	5.0	4.0	5.0	3.0	5.0	3.0	27.5	22.0	5.5	5.5
35542_human_high	35542	high	human_high	4.0	3.0	4.0	4.0	4.0	3.0	4.0	3.5	5.0	3.5	4.0	2.5	25.0	19.5	5.5	5.5
35549_human_low	35549	low	human_low	2.0	1.0	0.0	0.0	3.0	1.0	4.0	2.5	3.0	1.5	2.0	1.0	14.0	7.0	7.0	7.0
35577_human_low	35577	low	human_low	2.0	1.0	0.0	0.0	3.0	1.0	3.0	1.0	3.0	1.0	2.0	3.0	13.0	7.0	6.0	6.0
35633_human_low	35633	low	human_low	4.5	2.0	2.0	0.5	4.5	2.0	4.0	2.0	4.0	2.0	4.0	2.0	23.0	10.5	12.5	12.5
35647_human_high	35647	high	human_high	4.0	3.0	3.0	4.0	4.0	3.0	4.0	3.0	4.0	3.0	4.0	4.0	23.0	20.0	3.0	3.0
35661_human_low	35661	low	human_low	3.5	2.5	0.0	0.0	3.5	1.5	3.0	2.0	3.0	2.0	2.0	3.0	15.0	11.0	4.0	4.0
35733_human_high	35733	high	human_high	4.0	4.0	5.0	5.0	4.5	4.0	5.0	4.0	5.0	3.5	5.0	3.0	28.5	23.5	5.0	5.0
35734_human_high	35734	high	human_high	4.0	4.5	3.0	3.0	4.0	4.5	4.0	4.5	5.0	3.0	4.0	0.0	24.0	19.5	4.5	4.5
35750_human_high	35750	high	human_high	4.0	3.0	3.0	4.0	3.5	3.0	4.0	4.0	4.0	3.5	3.0	3.0	21.5	20.5	1.0	1.0
35763_human_high	35763	high	human_high	3.0	2.5	1.0	5.0	3.0	4.0	4.0	4.0	3.5	2.0	4.0	4.0	18.5	21.5	-3.0	3.0
35789_human_high	35789	high	human_high	4.0	4.0	4.0	2.0	4.0	4.0	5.0	4.5	5.0	4.0	4.0	4.0	26.0	22.5	3.5	3.5
35819_human_high	35819	high	human_high	4.5	3.5	3.0	4.5	3.5	3.0	5.0	3.5	4.0	4.0	4.5	5.0	24.5	23.5	1.0	1.0
35820_human_low	35820	low	human_low	2.0	1.0	3.0	4.5	3.0	1.0	3.0	1.5	3.0	1.0	3.0	1.5	17.0	10.5	6.5	6.5
35852_human_low	35852	low	human_low	2.0	1.5	0.0	2.5	3.0	1.5	3.0	1.5	2.0	2.0	2.0	1.0	12.0	10.0	2.0	2.0
35865_human_high	35865	high	human_high	3.0	4.0	4.0	3.0	4.0	4.0	4.0	4.0	4.0	4.0	3.0	2.0	22.0	21.0	1.0	1.0
35867_human_high	35867	high	human_high	3.0	3.0	4.0	4.0	3.0	3.0	4.0	2.5	3.0	3.5	3.0	4.0	20.0	20.0	0.0	0.0
35892_human_high	35892	high	human_high	4.0	4.0	4.0	4.0	4.5	4.0	5.0	3.5	4.0	4.0	5.0	2.0	26.5	21.5	5.0	5.0
35906_human_low	35906	low	human_low	3.0	1.0	1.0	2.5	4.0	1.0	4.0	1.0	4.0	1.0	3.0	2.0	19.0	8.5	10.5	10.5
35911_human_low	35911	low	human_low	3.0	1.0	0.0	2.0	4.0	1.0	2.5	1.0	4.0	1.0	3.0	3.0	16.5	9.0	7.5	7.5
35928_human_high	35928	high	human_high	3.5	4.0	2.0	3.0	3.0	4.0	4.0	3.5	3.0	3.5	3.0	2.5	18.5	20.5	-2.0	2.0
35934_human_high	35934	high	human_high	3.5	3.0	3.0	4.5	4.0	3.0	4.0	4.0	4.0	4.0	4.0	3.0	22.5	21.5	1.0	1.0
35937_human_low	35937	low	human_low	3.0	2.0	1.0	1.0	4.0	2.0	4.0	2.0	3.0	2.5	3.0	1.0	18.0	10.5	7.5	7.5
35979_human_low	35979	low	human_low	2.0	1.5	0.0	1.0	3.0	2.0	3.0	2.0	2.0	2.5	3.0	2.0	13.0	11.0	2.0	2.0
35986_human_low	35986	low	human_low	3.5	2.5	1.0	0.0	3.5	2.5	4.0	2.5	3.5	2.5	3.5	1.0	19.0	11.0	8.0	8.0
35994_human_high	35994	high	human_high	4.5	4.5	3.0	4.5	4.0	4.5	5.0	4.5	5.0	4.5	5.0	5.0	26.5	27.5	-1.0	1.0
36000_human_low	36000	low	human_low	2.0	1.5	0.0	0.0	3.0	1.5	3.0	2.0	2.0	2.0	2.0	0.5	12.0	7.5	4.5	4.5
36006_human_high	36006	high	human_high	4.0	1.5	0.0	4.5	4.5	3.5	4.5	4.0	4.0	3.0	4.0	4.0	21.0	20.5	0.5	0.5
36030_human_high	36030	high	human_high	4.0	4.0	1.0	5.0	4.0	4.0	5.0	4.0	5.0	4.0	3.0	3.5	22.0	24.5	-2.5	2.5
36064_human_high	36064	high	human_high	4.0	4.0	0.0	3.5	4.0	3.5	4.0	3.5	3.0	4.0	2.5	2.0	17.5	20.5	-3.0	3.0
36068_human_high	36068	high	human_high	4.0	3.0	3.0	4.0	4.0	3.0	4.0	4.0	4.0	4.0	4.0	3.0	23.0	21.0	2.0	2.0
36074_human_high	36074	high	human_high	5.0	3.5	4.0	3.5	5.0	3.5	5.0	4.0	5.0	4.0	4.0	4.5	28.0	23.0	5.0	5.0
36079_human_low	36079	low	human_low	2.0	1.5	1.0	0.0	3.0	1.5	4.0	3.5	3.0	2.0	3.0	2.0	16.0	10.5	5.5	5.5
36085_human_low	36085	low	human_low	4.0	1.5	0.0	0.0	4.0	1.5	4.0	3.0	4.0	1.5	4.0	3.0	20.0	10.5	9.5	9.5
36090_human_high	36090	high	human_high	4.0	3.0	4.0	4.5	4.0	3.0	5.0	4.0	5.0	4.0	5.0	4.0	27.0	22.5	4.5	4.5
36095_human_low	36095	low	human_low	2.0	1.0	1.0	1.0	3.0	1.0	4.0	2.0	3.0	1.0	2.0	3.0	15.0	9.0	6.0	6.0
36137_human_low	36137	low	human_low	3.0	1.5	3.0	0.0	3.0	2.0	4.0	2.0	4.0	2.5	3.0	1.5	20.0	9.5	10.5	10.5
36140_human_low	36140	low	human_low	2.0	1.5	2.0	0.0	3.0	1.5	3.0	2.5	2.0	2.5	3.0	3.0	15.0	11.0	4.0	4.0
36163_human_high	36163	high	human_high	4.0	4.0	4.0	4.0	3.5	4.0	5.0	4.0	4.0	4.0	4.0	3.0	24.5	23.0	1.5	1.5
36172_human_low	36172	low	human_low	2.5	1.0	0.0	1.5	3.0	1.0	3.5	2.0	4.0	2.0	2.5	1.0	15.5	8.5	7.0	7.0
36181_human_low	36181	low	human_low	3.5	2.0	0.0	0.0	3.5	2.0	3.0	1.0	3.5	2.0	2.0	1.0	15.5	8.0	7.5	7.5
36188_human_low	36188	low	human_low	2.0	1.0	1.0	1.0	3.0	1.0	3.0	2.0	3.0	1.5	3.0	2.0	15.0	8.5	6.5	6.5
36214_human_high	36214	high	human_high	4.0	2.5	3.0	4.0	3.5	4.0	4.0	2.5	4.0	4.5	3.0	2.5	21.5	20.0	1.5	1.5
36225_human_low	36225	low	human_low	2.0	1.0	0.0	1.0	3.0	1.5	3.0	2.0	3.0	3.0	3.0	2.5	14.0	11.0	3.0	3.0
36237_human_high	36237	high	human_high	4.0	5.0	3.0	5.0	4.0	4.5	4.0	5.0	3.0	5.0	4.0	5.0	22.0	29.5	-7.5	7.5
36238_human_low	36238	low	human_low	3.0	1.0	2.0	0.0	3.5	1.0	4.0	1.5	3.0	1.5	3.0	3.0	18.5	8.0	10.5	10.5
36245_human_high	36245	high	human_high	2.0	3.0	1.0	3.5	3.0	3.0	5.0	3.5	4.0	3.0	4.0	3.5	19.0	19.5	-0.5	0.5
36248_human_low	36248	low	human_low	2.0	1.0	0.0	0.0	3.0	1.0	3.5	2.0	3.0	2.0	3.0	2.5	14.5	8.5	6.0	6.0
36260_human_high	36260	high	human_high	4.0	3.0	2.0	3.0	4.0	3.0	4.0	4.0	5.0	3.5	4.0	3.5	23.0	20.0	3.0	3.0
36261_human_high	36261	high	human_high	4.0	3.0	4.0	4.0	3.5	3.0	5.0	3.0	4.0	3.0	4.0	4.0	24.5	20.0	4.5	4.5
36278_human_low	36278	low	human_low	3.0	1.5	2.0	2.0	4.0	2.0	4.0	2.0	5.0	2.0	3.0	1.5	21.0	11.0	10.0	10.0
36280_human_high	36280	high	human_high	4.0	4.0	3.0	4.0	4.5	5.0	5.0	5.0	4.0	3.0	4.0	5.0	24.5	26.0	-1.5	1.5
36295_human_low	36295	low	human_low	4.5	1.5	4.0	2.0	5.0	1.5	5.0	2.5	5.0	2.0	5.0	1.5	28.5	11.0	17.5	17.5
36307_human_low	36307	low	human_low	2.0	1.0	1.0	2.5	3.0	1.0	3.0	2.0	3.0	1.0	3.0	3.0	15.0	10.5	4.5	4.5
36330_human_high	36330	high	human_high	3.0	3.5	3.0	4.5	4.0	3.5	5.0	3.0	4.0	3.5	4.0	3.5	23.0	21.5	1.5	1.5
36341_human_low	36341	low	human_low	2.5	1.0	3.0	2.0	3.0	1.0	4.0	3.0	4.0	1.0	4.0	3.0	20.5	11.0	9.5	9.5
36349_human_high	36349	high	human_high	4.0	3.5	3.5	5.0	4.5	4.0	5.0	3.5	4.5	4.0	4.0	4.0	25.5	24.0	1.5	1.5
36385_human_high	36385	high	human_high	4.0	3.0	3.0	4.0	3.5	3.0	4.0	3.0	4.0	3.0	4.0	3.5	22.5	19.5	3.0	3.0
36403_human_high	36403	high	human_high	4.5	4.5	1.0	3.0	4.0	5.0	4.5	4.0	4.0	4.0	3.0	3.0	21.0	23.5	-2.5	2.5
36415_human_high	36415	high	human_high	4.5	4.0	4.0	5.0	4.0	4.0	5.0	4.0	4.5	4.0	5.0	4.0	27.0	25.0	2.0	2.0
36430_human_low	36430	low	human_low	2.0	1.0	3.0	3.0	3.0	1.0	3.0	1.5	3.0	2.0	3.0	2.0	17.0	10.5	6.5	6.5
36436_human_high	36436	high	human_high	4.0	3.5	2.0	3.0	4.0	4.5	4.0	3.5	3.5	4.0	4.0	3.0	21.5	21.5	0.0	0.0
36441_human_high	36441	high	human_high	4.5	4.0	4.0	5.0	4.0	4.0	5.0	3.0	5.0	4.0	5.0	4.0	27.5	24.0	3.5	3.5
36442_human_high	36442	high	human_high	3.5	3.0	4.0	4.0	4.0	3.5	4.0	2.5	4.0	4.0	3.5	2.5	23.0	19.5	3.5	3.5
36471_human_high	36471	high	human_high	4.5	4.0	0.0	4.0	3.5	4.0	4.5	4.0	4.0	4.0	4.0	2.0	20.5	22.0	-1.5	1.5
36494_human_high	36494	high	human_high	4.0	3.0	4.0	3.0	4.0	3.0	4.5	4.0	5.0	3.5	4.5	3.5	26.0	20.0	6.0	6.0
36503_human_high	36503	high	human_high	4.0	4.0	2.0	3.5	4.0	3.5	4.5	4.0	4.0	4.0	4.0	2.0	22.5	21.0	1.5	1.5
36515_human_high	36515	high	human_high	4.5	2.5	5.0	5.0	4.5	3.0	5.0	3.5	5.0	3.5	5.0	4.0	29.0	21.5	7.5	7.5
36522_human_low	36522	low	human_low	2.0	1.0	1.5	1.0	3.5	1.0	3.5	2.5	3.5	1.5	3.0	2.0	17.0	9.0	8.0	8.0
36524_human_low	36524	low	human_low	1.0	1.0	0.0	0.5	1.5	1.0	2.0	1.0	3.0	1.0	2.0	3.5	9.5	8.0	1.5	1.5
36532_human_high	36532	high	human_high	3.0	3.0	3.0	4.0	4.0	3.0	4.0	3.0	5.0	4.0	4.0	4.0	23.0	21.0	2.0	2.0
36547_human_low	36547	low	human_low	2.0	2.0	0.0	1.0	3.0	2.0	3.0	2.5	2.0	2.0	2.0	1.0	12.0	10.5	1.5	1.5
36551_human_high	36551	high	human_high	4.0	4.0	4.0	3.5	4.0	4.0	4.0	4.0	4.0	3.5	4.0	4.0	24.0	23.0	1.0	1.0
36560_human_high	36560	high	human_high	4.5	4.5	5.0	5.0	4.5	4.5	4.5	4.5	4.5	4.5	5.0	5.0	28.0	28.0	0.0	0.0
36566_human_high	36566	high	human_high	3.0	1.5	0.0	3.5	3.0	3.5	4.0	4.5	4.0	5.0	3.0	5.0	17.0	23.0	-6.0	6.0
36577_human_high	36577	high	human_high	4.0	2.5	3.0	4.5	4.0	2.5	5.0	3.5	5.0	3.0	5.0	3.5	26.0	19.5	6.5	6.5
36578_human_low	36578	low	human_low	3.0	2.0	0.0	2.0	4.0	2.0	4.0	2.0	3.0	2.0	2.0	0.0	16.0	10.0	6.0	6.0
36590_human_low	36590	low	human_low	2.0	1.5	0.0	2.0	3.0	1.0	4.0	3.0	3.0	2.0	2.0	1.0	14.0	10.5	3.5	3.5
36616_human_low	36616	low	human_low	3.0	2.0	0.0	0.0	4.0	2.0	4.0	2.5	2.0	2.0	2.0	0.0	15.0	8.5	6.5	6.5
36626_human_high	36626	high	human_high	3.5	3.0	3.0	4.0	3.0	3.5	5.0	3.0	4.0	3.5	4.0	3.0	22.5	20.0	2.5	2.5
36650_human_high	36650	high	human_high	3.5	4.0	2.0	4.5	3.0	4.0	4.5	3.5	4.0	4.0	4.0	3.0	21.0	23.0	-2.0	2.0
36691_human_high	36691	high	human_high	2.0	3.0	2.0	4.0	3.0	3.0	4.0	3.0	5.0	3.5	4.0	4.0	20.0	20.5	-0.5	0.5
36704_human_low	36704	low	human_low	4.0	2.5	2.0	1.5	4.0	2.0	4.0	2.5	4.0	2.0	3.0	0.0	21.0	10.5	10.5	10.5
36707_human_high	36707	high	human_high	4.0	3.0	4.0	3.5	4.0	3.0	5.0	3.5	5.0	3.5	5.0	4.0	27.0	20.5	6.5	6.5
36721_human_low	36721	low	human_low	3.5	0.5	0.0	2.0	3.0	1.5	4.0	2.5	3.0	2.5	3.0	1.0	16.5	10.0	6.5	6.5
36727_human_low	36727	low	human_low	4.0	2.0	1.0	1.0	4.0	2.0	4.5	2.0	4.0	2.0	3.0	0.5	20.5	9.5	11.0	11.0
36742_human_low	36742	low	human_low	2.0	1.0	0.0	0.0	3.0	1.0	3.0	2.0	2.0	1.0	2.0	2.0	12.0	7.0	5.0	5.0
36743_human_high	36743	high	human_high	3.0	3.0	0.0	4.0	3.0	3.0	4.0	3.5	3.0	3.0	3.0	4.0	16.0	20.5	-4.5	4.5
36769_human_high	36769	high	human_high	2.0	2.5	0.0	4.0	3.0	3.0	3.0	3.0	3.0	3.0	2.0	4.0	13.0	19.5	-6.5	6.5
36777_human_high	36777	high	human_high	4.0	1.5	2.0	5.0	4.5	3.5	4.0	4.0	3.0	3.0	4.0	3.0	21.5	20.0	1.5	1.5
36782_human_high	36782	high	human_high	3.5	3.0	4.0	4.0	4.0	3.0	4.5	3.0	4.5	4.0	5.0	3.5	25.5	20.5	5.0	5.0
36794_human_high	36794	high	human_high	4.0	3.5	4.0	4.5	4.0	3.0	4.5	2.5	4.0	3.0	4.0	3.0	24.5	19.5	5.0	5.0
36797_human_low	36797	low	human_low	4.0	1.5	0.0	0.0	4.0	1.5	4.0	2.0	3.0	1.5	3.0	3.5	18.0	10.0	8.0	8.0
36822_human_high	36822	high	human_high	4.5	4.0	3.0	2.0	4.0	3.5	5.0	4.0	4.0	4.0	4.0	4.0	24.5	21.5	3.0	3.0
36827_human_low	36827	low	human_low	3.5	2.5	0.0	1.0	4.0	2.0	4.0	2.5	4.0	2.5	3.0	0.0	18.5	10.5	8.0	8.0
36845_human_high	36845	high	human_high	4.0	2.5	4.0	4.5	4.5	2.5	5.0	4.0	5.0	2.5	4.5	4.5	27.0	20.5	6.5	6.5
36856_human_low	36856	low	human_low	3.0	1.0	2.0	1.0	4.0	2.0	4.0	1.0	4.0	3.0	3.0	3.0	20.0	11.0	9.0	9.0
36862_human_high	36862	high	human_high	4.0	3.0	1.0	4.0	4.0	3.0	4.0	4.0	4.0	3.0	3.5	3.0	20.5	20.0	0.5	0.5
36867_human_low	36867	low	human_low	2.5	2.5	0.0	0.0	3.0	2.0	4.0	2.5	2.0	2.5	3.0	0.5	14.5	10.0	4.5	4.5
36872_human_low	36872	low	human_low	2.5	1.5	0.0	0.5	3.0	1.5	3.0	2.5	2.5	2.0	2.0	2.0	13.0	10.0	3.0	3.0
36923_human_high	36923	high	human_high	4.0	4.0	4.5	5.0	3.5	5.0	4.5	4.5	3.5	4.5	4.5	5.0	24.5	28.0	-3.5	3.5
36926_human_high	36926	high	human_high	4.0	3.5	1.0	3.5	4.0	3.0	4.0	3.5	3.0	4.0	3.0	4.5	19.0	22.0	-3.0	3.0
36937_human_high	36937	high	human_high	4.5	3.0	4.0	2.5	4.5	3.5	5.0	4.0	5.0	4.0	4.0	4.0	27.0	21.0	6.0	6.0
36945_human_high	36945	high	human_high	3.5	2.0	2.0	5.0	4.5	3.5	5.0	3.5	4.0	2.5	4.0	4.0	23.0	20.5	2.5	2.5
36966_human_high	36966	high	human_high	4.0	2.5	4.0	4.0	4.5	3.0	4.5	3.5	5.0	3.5	4.0	3.0	26.0	19.5	6.5	6.5
36973_human_low	36973	low	human_low	2.0	1.5	0.0	1.0	3.0	1.5	3.0	3.0	2.0	1.5	1.0	1.5	11.0	10.0	1.0	1.0
36976_human_high	36976	high	human_high	4.0	4.5	1.0	0.0	4.0	4.0	5.0	4.0	4.0	4.0	4.0	3.0	22.0	19.5	2.5	2.5
36988_human_high	36988	high	human_high	4.0	3.0	4.0	3.5	4.0	3.0	5.0	3.5	5.0	3.0	5.0	4.0	27.0	20.0	7.0	7.0
37010_human_low	37010	low	human_low	3.5	1.0	0.0	0.0	4.0	1.0	4.0	2.5	4.0	1.0	3.0	2.0	18.5	7.5	11.0	11.0
37015_human_high	37015	high	human_high	4.0	4.0	2.0	4.0	3.0	4.0	5.0	3.0	4.0	3.0	4.0	3.0	22.0	21.0	1.0	1.0
37034_human_low	37034	low	human_low	2.0	2.0	0.0	1.0	3.0	2.0	3.0	1.0	3.0	1.0	2.0	2.0	13.0	9.0	4.0	4.0
37043_human_low	37043	low	human_low	4.0	1.5	0.0	0.5	4.0	2.0	4.0	2.5	3.0	1.5	3.0	1.5	18.0	9.5	8.5	8.5
37063_human_low	37063	low	human_low	3.5	2.0	0.0	0.0	4.0	2.0	4.0	2.0	4.0	2.5	3.5	1.5	19.0	10.0	9.0	9.0
37078_human_low	37078	low	human_low	2.0	1.0	0.0	0.0	3.0	1.0	4.0	2.0	3.0	1.0	2.0	3.0	14.0	8.0	6.0	6.0
37094_human_low	37094	low	human_low	1.5	1.5	2.0	0.0	3.0	1.5	3.5	2.5	3.0	2.5	3.5	3.0	16.5	11.0	5.5	5.5
37099_human_low	37099	low	human_low	2.5	2.0	2.0	1.5	3.0	2.0	3.5	2.0	3.5	1.5	3.0	1.5	17.5	10.5	7.0	7.0
37102_human_high	37102	high	human_high	4.0	2.0	5.0	4.0	4.5	4.0	5.0	3.5	4.0	4.0	4.0	4.0	26.5	21.5	5.0	5.0
37126_human_high	37126	high	human_high	4.0	3.0	0.0	4.0	4.0	3.5	4.0	2.5	3.0	4.0	3.0	4.0	18.0	21.0	-3.0	3.0
37158_human_low	37158	low	human_low	3.0	1.5	1.0	0.0	4.0	2.0	4.0	2.5	4.0	2.5	3.0	1.5	19.0	10.0	9.0	9.0
37193_human_high	37193	high	human_high	4.5	3.0	3.0	4.0	4.5	4.0	5.0	4.5	5.0	4.0	4.0	4.0	26.0	23.5	2.5	2.5
37212_human_low	37212	low	human_low	2.0	2.0	0.0	0.0	3.0	2.0	3.0	2.5	3.0	2.0	3.0	0.0	14.0	8.5	5.5	5.5
37224_human_low	37224	low	human_low	2.5	1.0	0.0	0.0	3.0	1.0	3.5	1.0	2.0	1.0	2.0	0.0	13.0	4.0	9.0	9.0
37260_human_low	37260	low	human_low	2.0	1.5	0.0	0.0	3.0	2.0	3.0	3.0	3.0	2.5	3.0	2.0	14.0	11.0	3.0	3.0
37284_human_high	37284	high	human_high	3.5	4.0	4.0	4.0	3.5	3.0	4.5	3.0	3.5	2.0	4.5	4.0	23.5	20.0	3.5	3.5
37293_human_high	37293	high	human_high	4.0	3.5	2.0	4.5	4.0	3.5	4.0	4.5	4.0	4.5	3.0	4.0	21.0	24.5	-3.5	3.5
37321_human_high	37321	high	human_high	4.0	3.5	3.0	4.0	4.5	3.5	4.5	4.5	3.0	4.5	3.0	4.0	22.0	24.0	-2.0	2.0
37345_human_low	37345	low	human_low	3.0	2.0	0.0	0.0	3.0	2.0	2.5	1.5	3.0	2.0	2.0	0.0	13.5	7.5	6.0	6.0
37362_human_high	37362	high	human_high	4.5	4.0	2.0	2.5	4.0	3.5	4.0	3.0	4.0	3.5	5.0	4.5	23.5	21.0	2.5	2.5
37376_human_high	37376	high	human_high	3.5	2.5	5.0	5.0	3.0	3.0	4.5	2.5	4.5	4.0	4.5	4.5	25.0	21.5	3.5	3.5
37377_human_low	37377	low	human_low	2.0	1.0	3.0	2.0	3.0	1.0	4.0	1.0	3.0	1.0	3.0	3.0	18.0	9.0	9.0	9.0
37386_human_high	37386	high	human_high	3.0	3.5	0.0	4.0	3.0	4.0	3.0	3.0	3.0	3.5	2.0	2.0	14.0	20.0	-6.0	6.0
37416_human_high	37416	high	human_high	4.5	4.0	4.0	0.5	4.5	4.0	4.0	4.0	5.0	4.0	4.0	3.0	26.0	19.5	6.5	6.5
37442_human_low	37442	low	human_low	2.0	1.0	2.0	3.0	3.0	1.0	3.0	2.5	3.0	1.5	3.0	1.0	16.0	10.0	6.0	6.0
37480_human_high	37480	high	human_high	3.0	3.5	1.0	3.0	4.0	4.0	3.0	4.0	3.0	3.5	3.0	3.0	17.0	21.0	-4.0	4.0
37489_human_low	37489	low	human_low	4.0	2.0	3.0	0.5	4.0	2.0	4.0	1.5	5.0	2.0	4.0	2.0	24.0	10.0	14.0	14.0
37525_human_high	37525	high	human_high	3.5	2.5	4.0	5.0	4.0	4.0	5.0	4.0	5.0	4.0	5.0	4.0	26.5	23.5	3.0	3.0
37602_human_low	37602	low	human_low	2.5	1.0	4.0	0.0	3.0	1.0	4.0	3.5	4.0	1.5	4.0	3.5	21.5	10.5	11.0	11.0
37605_human_high	37605	high	human_high	3.5	1.5	5.0	5.0	4.0	2.5	4.5	4.5	5.0	5.0	4.0	5.0	26.0	23.5	2.5	2.5
37612_human_high	37612	high	human_high	4.0	3.5	3.0	4.0	4.0	3.5	4.5	3.0	5.0	3.0	5.0	5.0	25.5	22.0	3.5	3.5
37655_human_high	37655	high	human_high	4.5	4.5	4.0	0.5	4.0	4.5	5.0	4.0	5.0	4.0	4.0	3.0	26.5	20.5	6.0	6.0
37662_human_high	37662	high	human_high	4.0	3.0	3.0	4.0	4.0	3.0	4.0	4.0	4.0	4.0	3.0	3.0	22.0	21.0	1.0	1.0
37664_human_low	37664	low	human_low	2.0	2.0	1.5	0.5	3.0	1.5	4.0	2.5	4.0	2.0	3.0	1.0	17.5	9.5	8.0	8.0
37677_human_low	37677	low	human_low	3.5	1.0	0.0	2.0	3.0	1.0	3.0	2.0	3.0	1.5	2.0	3.5	14.5	11.0	3.5	3.5
37681_human_high	37681	high	human_high	4.0	4.0	4.5	4.5	4.5	4.5	4.0	4.0	4.0	4.0	5.0	5.0	26.0	26.0	0.0	0.0
37687_human_high	37687	high	human_high	3.5	4.0	3.0	3.5	3.0	3.0	4.0	4.0	4.5	4.0	4.0	3.0	22.0	21.5	0.5	0.5
37694_human_low	37694	low	human_low	2.0	1.5	3.0	1.0	3.0	2.0	4.0	2.0	3.0	2.0	4.0	2.5	19.0	11.0	8.0	8.0
37734_human_low	37734	low	human_low	2.0	1.0	3.0	3.5	3.0	1.0	4.0	1.5	5.0	1.0	4.0	3.0	21.0	11.0	10.0	10.0
37753_human_high	37753	high	human_high	3.0	3.0	4.0	4.0	4.0	3.0	4.0	3.0	5.0	4.0	5.0	3.0	25.0	20.0	5.0	5.0
37754_human_high	37754	high	human_high	2.5	3.0	4.0	3.0	2.5	3.0	3.5	2.5	4.0	4.0	4.0	4.0	20.5	19.5	1.0	1.0
37783_human_high	37783	high	human_high	2.0	4.0	2.0	2.0	3.0	4.0	4.0	3.0	3.0	3.5	3.0	3.0	17.0	19.5	-2.5	2.5
37801_human_high	37801	high	human_high	4.0	3.0	3.0	3.5	4.5	3.0	5.0	3.5	5.0	3.0	4.0	4.0	25.5	20.0	5.5	5.5
37817_human_high	37817	high	human_high	4.5	4.0	3.0	0.0	4.5	4.0	4.5	4.0	4.0	4.0	4.0	4.0	24.5	20.0	4.5	4.5
37858_human_low	37858	low	human_low	2.0	2.0	2.0	0.0	3.0	2.0	4.0	2.0	3.0	2.5	3.0	2.0	17.0	10.5	6.5	6.5
37922_human_high	37922	high	human_high	2.0	3.0	4.0	3.0	3.0	4.0	4.0	3.5	4.0	4.0	4.0	2.5	21.0	20.0	1.0	1.0
37924_human_high	37924	high	human_high	4.0	2.5	4.0	4.0	4.0	4.0	5.0	4.5	4.0	4.5	5.0	4.0	26.0	23.5	2.5	2.5
37949_human_low	37949	low	human_low	2.5	2.5	4.0	0.0	4.0	2.0	4.0	2.5	4.0	2.5	4.0	1.5	22.5	11.0	11.5	11.5
37961_human_high	37961	high	human_high	3.0	3.0	3.0	4.0	3.5	3.5	3.0	3.5	4.0	4.0	3.5	4.0	20.0	22.0	-2.0	2.0
37994_human_low	37994	low	human_low	4.0	1.0	2.0	1.0	4.0	1.0	4.0	1.5	5.0	3.0	4.0	3.5	23.0	11.0	12.0	12.0
37999_human_low	37999	low	human_low	2.0	0.0	4.0	0.0	3.0	0.0	3.0	0.0	3.0	0.0	4.0	0.0	19.0	0.0	19.0	19.0
38002_human_low	38002	low	human_low	4.0	1.5	3.0	0.5	4.0	2.0	3.0	2.0	4.0	2.0	4.0	3.0	22.0	11.0	11.0	11.0
38020_human_high	38020	high	human_high	3.0	3.0	4.0	4.0	3.0	3.0	4.0	3.5	3.0	3.5	3.0	3.5	20.0	20.5	-0.5	0.5
38036_human_low	38036	low	human_low	2.0	1.5	0.0	0.0	3.0	2.0	3.0	2.5	2.0	2.5	2.0	0.0	12.0	8.5	3.5	3.5
38047_human_high	38047	high	human_high	4.5	3.5	4.0	5.0	5.0	3.5	5.0	5.0	4.5	4.0	5.0	4.5	28.0	25.5	2.5	2.5
38061_human_high	38061	high	human_high	3.0	3.0	0.0	3.5	4.0	3.5	3.0	3.0	3.0	3.5	3.0	3.0	16.0	19.5	-3.5	3.5
38080_human_high	38080	high	human_high	3.5	2.5	4.0	4.0	4.0	3.5	4.0	3.5	4.5	3.0	5.0	4.0	25.0	20.5	4.5	4.5
38105_human_high	38105	high	human_high	3.0	3.5	4.0	4.5	3.0	4.0	4.0	4.0	4.0	4.0	3.0	4.0	21.0	24.0	-3.0	3.0
38158_human_low	38158	low	human_low	2.5	2.0	2.5	0.0	3.5	1.5	3.5	3.5	3.5	1.5	3.5	0.5	19.0	9.0	10.0	10.0
38172_human_low	38172	low	human_low	3.5	0.0	1.5	0.0	4.0	0.0	4.0	0.0	3.0	0.0	3.0	0.0	19.0	0.0	19.0	19.0
38193_human_low	38193	low	human_low	2.0	2.5	3.0	0.0	3.0	2.5	4.0	3.0	3.0	2.0	2.0	1.0	17.0	11.0	6.0	6.0
38196_human_low	38196	low	human_low	2.0	1.0	3.0	2.0	3.0	1.0	3.0	1.0	4.0	1.0	3.0	1.0	18.0	7.0	11.0	11.0
38204_human_low	38204	low	human_low	2.5	1.5	3.0	0.0	3.0	2.0	3.5	2.5	3.0	2.5	3.0	1.5	18.0	10.0	8.0	8.0
38226_human_low	38226	low	human_low	3.0	1.5	2.0	2.0	3.5	1.5	2.5	2.0	2.0	2.0	3.0	2.0	16.0	11.0	5.0	5.0
38236_human_high	38236	high	human_high	4.0	2.0	4.0	4.0	4.0	3.5	4.0	3.5	5.0	3.5	4.0	4.0	25.0	20.5	4.5	4.5
38284_human_low	38284	low	human_low	3.5	1.5	4.0	0.0	3.5	1.5	4.5	2.5	4.0	2.5	4.0	2.0	23.5	10.0	13.5	13.5
38310_human_low	38310	low	human_low	2.0	0.5	1.0	0.0	3.0	1.0	4.0	1.5	3.0	1.0	3.0	2.0	16.0	6.0	10.0	10.0
38333_human_high	38333	high	human_high	4.0	4.5	4.0	5.0	4.0	4.5	5.0	4.0	4.0	2.5	4.0	4.0	25.0	24.5	0.5	0.5
38340_human_low	38340	low	human_low	2.0	1.5	0.0	0.5	3.0	1.5	3.0	3.0	2.0	2.0	2.0	2.0	12.0	10.5	1.5	1.5
38367_human_high	38367	high	human_high	4.0	3.0	4.0	3.0	4.5	3.0	5.0	4.0	4.0	3.0	4.0	4.0	25.5	20.0	5.5	5.5
38392_human_high	38392	high	human_high	4.5	3.5	4.0	3.0	4.5	4.0	5.0	4.0	4.0	3.5	4.0	3.5	26.0	21.5	4.5	4.5
38395_human_low	38395	low	human_low	2.0	2.0	3.0	0.5	3.0	1.5	3.5	3.0	4.0	2.0	3.5	1.5	19.0	10.5	8.5	8.5
38406_human_high	38406	high	human_high	3.5	2.5	3.0	4.5	4.0	3.0	5.0	3.5	5.0	3.0	4.0	4.5	24.5	21.0	3.5	3.5
38437_human_high	38437	high	human_high	3.0	3.0	3.0	4.5	3.0	2.0	5.0	4.0	5.0	3.5	5.0	4.5	24.0	21.5	2.5	2.5
38439_human_low	38439	low	human_low	4.0	1.5	3.0	2.0	3.5	1.5	4.0	2.0	4.0	2.0	3.5	1.0	22.0	10.0	12.0	12.0
38445_human_low	38445	low	human_low	2.5	1.0	4.0	1.0	3.5	1.0	3.5	2.0	4.0	1.5	4.0	3.0	21.5	9.5	12.0	12.0
38451_human_low	38451	low	human_low	3.0	1.0	2.0	0.0	3.0	1.0	4.0	2.5	4.0	2.0	3.0	3.0	19.0	9.5	9.5	9.5
38469_human_low	38469	low	human_low	3.0	1.0	0.0	3.0	3.0	1.0	4.0	1.5	3.0	1.5	3.0	3.0	16.0	11.0	5.0	5.0
38475_human_high	38475	high	human_high	4.0	4.0	4.0	4.0	3.0	3.5	5.0	4.0	5.0	3.5	5.0	4.5	26.0	23.5	2.5	2.5
38493_human_high	38493	high	human_high	4.0	3.0	4.0	4.0	4.0	3.0	4.0	3.0	4.0	3.5	4.0	3.0	24.0	19.5	4.5	4.5
38495_human_low	38495	low	human_low	2.0	1.0	1.0	3.0	3.0	1.0	3.0	1.5	3.0	2.0	3.0	2.5	15.0	11.0	4.0	4.0
38499_human_low	38499	low	human_low	3.5	1.5	3.0	0.0	4.0	1.5	4.5	2.5	5.0	1.5	4.0	2.0	24.0	9.0	15.0	15.0
38506_human_low	38506	low	human_low	2.0	1.0	2.0	2.0	3.0	1.0	4.0	2.5	4.0	1.0	4.0	2.0	19.0	9.5	9.5	9.5
38536_human_low	38536	low	human_low	4.0	2.0	2.0	1.0	4.0	2.0	4.0	2.5	3.0	2.0	3.0	1.0	20.0	10.5	9.5	9.5
38555_human_low	38555	low	human_low	1.5	1.5	0.0	0.0	2.0	2.0	2.0	2.0	2.0	1.0	1.0	0.0	8.5	6.5	2.0	2.0
38562_human_high	38562	high	human_high	3.0	1.5	4.0	5.0	4.0	3.0	5.0	3.5	5.0	4.0	4.0	3.0	25.0	20.0	5.0	5.0
38584_human_high	38584	high	human_high	3.0	2.0	2.0	4.0	3.0	2.5	5.0	3.0	4.0	4.0	3.0	4.0	20.0	19.5	0.5	0.5
38612_human_high	38612	high	human_high	4.5	2.5	4.0	3.5	4.5	2.5	4.0	3.5	4.0	4.0	4.0	4.0	25.0	20.0	5.0	5.0
38632_human_low	38632	low	human_low	2.0	1.5	4.0	1.5	3.0	1.0	3.0	1.5	3.0	1.5	3.0	2.5	18.0	9.5	8.5	8.5
38637_human_low	38637	low	human_low	2.5	2.0	1.0	0.5	3.0	2.0	3.0	2.5	2.0	2.0	2.0	1.5	13.5	10.5	3.0	3.0
38641_human_high	38641	high	human_high	3.0	3.5	2.0	4.5	4.0	2.5	4.0	4.0	4.0	4.0	3.0	2.5	20.0	21.0	-1.0	1.0
38670_human_low	38670	low	human_low	3.5	1.5	4.0	0.0	4.0	1.0	4.5	2.5	5.0	1.5	4.0	4.0	25.0	10.5	14.5	14.5
38672_human_high	38672	high	human_high	4.0	3.5	3.0	2.5	3.5	3.5	4.0	3.5	4.0	3.5	3.5	3.5	22.0	20.0	2.0	2.0
38674_human_low	38674	low	human_low	2.0	1.0	1.0	4.0	3.0	1.0	3.0	1.5	2.0	1.0	2.0	2.0	13.0	10.5	2.5	2.5
38677_human_low	38677	low	human_low	2.0	0.0	0.0	0.0	3.0	0.0	3.0	0.0	3.0	0.0	2.0	0.0	13.0	0.0	13.0	13.0
38742_human_high	38742	high	human_high	3.0	4.0	4.0	4.5	3.0	3.5	4.0	3.5	4.0	4.0	4.0	2.5	22.0	22.0	0.0	0.0
38764_human_low	38764	low	human_low	2.5	2.0	0.0	0.5	3.0	1.5	3.0	2.0	2.0	2.0	2.0	1.0	12.5	9.0	3.5	3.5
38784_human_high	38784	high	human_high	4.0	3.0	3.0	4.5	4.0	3.0	4.0	2.5	4.0	3.0	4.0	4.5	23.0	20.5	2.5	2.5
38786_human_low	38786	low	human_low	2.5	1.5	0.0	2.0	3.0	1.5	3.0	2.0	2.0	1.5	2.0	1.0	12.5	9.5	3.0	3.0
38794_human_low	38794	low	human_low	2.0	1.5	0.0	0.0	3.0	1.0	3.0	1.5	3.0	2.0	3.0	1.0	14.0	7.0	7.0	7.0
38845_human_high	38845	high	human_high	3.5	1.5	2.5	2.5	4.0	4.0	5.0	4.5	4.0	4.5	4.0	4.0	23.0	21.0	2.0	2.0
38848_human_high	38848	high	human_high	3.0	5.0	2.0	3.0	3.5	4.0	4.0	4.0	3.5	3.0	4.0	2.0	20.0	21.0	-1.0	1.0
38891_human_low	38891	low	human_low	3.0	2.0	0.0	0.5	4.0	2.0	4.0	2.0	3.0	2.5	3.0	2.0	17.0	11.0	6.0	6.0
38917_human_low	38917	low	human_low	2.0	2.0	0.0	1.0	3.0	2.0	3.0	1.5	3.0	0.5	2.0	1.0	13.0	8.0	5.0	5.0
38928_human_low	38928	low	human_low	3.0	0.5	2.0	1.0	4.0	1.5	4.0	2.0	3.0	2.0	3.0	0.0	19.0	7.0	12.0	12.0
38957_human_low	38957	low	human_low	3.0	2.0	0.0	0.0	3.0	1.5	3.0	1.5	2.0	2.0	2.0	0.0	13.0	7.0	6.0	6.0
38958_human_high	38958	high	human_high	4.0	2.5	4.0	4.5	4.0	4.0	5.0	3.5	5.0	3.5	3.0	4.5	25.0	22.5	2.5	2.5
38970_human_low	38970	low	human_low	3.5	1.5	3.0	0.0	3.0	2.0	4.0	2.5	4.0	2.0	3.5	1.0	21.0	9.0	12.0	12.0
39063_human_low	39063	low	human_low	2.0	1.5	1.0	2.0	3.0	1.5	3.0	1.5	3.0	2.0	2.0	2.0	14.0	10.5	3.5	3.5
39065_human_low	39065	low	human_low	2.0	2.0	0.0	0.0	3.0	2.5	3.0	2.0	2.0	2.0	1.0	1.0	11.0	9.5	1.5	1.5
39108_human_high	39108	high	human_high	4.0	3.5	3.0	1.5	4.0	3.5	4.0	3.5	4.0	4.0	4.0	4.0	23.0	20.0	3.0	3.0
39124_human_low	39124	low	human_low	4.0	0.0	1.0	0.0	4.0	0.0	4.0	0.0	4.0	0.0	3.0	0.0	20.0	0.0	20.0	20.0
39131_human_high	39131	high	human_high	4.0	3.0	5.0	4.0	4.0	3.0	5.0	3.5	5.0	3.0	5.0	4.0	28.0	20.5	7.5	7.5
39164_human_low	39164	low	human_low	1.0	0.5	2.0	1.5	2.0	1.0	2.0	1.0	3.0	1.0	2.0	1.0	12.0	6.0	6.0	6.0
39227_human_high	39227	high	human_high	4.5	3.5	4.0	3.0	4.5	3.5	5.0	3.5	4.0	3.0	4.0	3.5	26.0	20.0	6.0	6.0
39244_human_high	39244	high	human_high	2.0	2.5	0.0	4.0	3.0	2.5	4.0	3.5	3.0	3.0	2.0	4.0	14.0	19.5	-5.5	5.5
39298_human_high	39298	high	human_high	4.5	3.0	4.0	4.5	4.5	3.0	5.0	4.0	4.0	3.0	4.0	2.0	26.0	19.5	6.5	6.5
39302_human_low	39302	low	human_low	3.0	1.0	0.0	2.5	4.0	1.0	4.0	2.5	4.0	1.5	3.0	2.0	18.0	10.5	7.5	7.5
39305_human_high	39305	high	human_high	4.0	4.0	3.0	4.0	3.0	4.0	4.0	4.0	3.0	4.0	4.0	2.0	21.0	22.0	-1.0	1.0
39349_human_low	39349	low	human_low	2.0	1.0	4.0	2.0	3.0	1.5	4.0	2.0	5.0	1.5	4.0	3.0	22.0	11.0	11.0	11.0
39379_human_low	39379	low	human_low	2.0	1.5	0.0	1.0	3.0	2.0	3.0	2.5	2.0	2.0	1.0	0.5	11.0	9.5	1.5	1.5
39436_human_low	39436	low	human_low	2.5	1.0	3.0	2.0	3.5	1.0	4.0	2.0	4.5	1.0	4.0	3.0	21.5	10.0	11.5	11.5
39446_human_low	39446	low	human_low	1.0	1.0	2.0	0.5	3.0	1.5	3.0	1.5	4.0	1.5	3.0	2.0	16.0	8.0	8.0	8.0
39465_human_high	39465	high	human_high	4.0	3.5	4.0	3.5	4.0	3.5	4.0	4.0	5.0	3.5	4.0	4.5	25.0	22.5	2.5	2.5
39493_human_low	39493	low	human_low	2.0	1.0	4.0	2.0	2.0	1.0	2.0	1.5	3.0	2.0	3.0	2.5	16.0	10.0	6.0	6.0
39502_human_low	39502	low	human_low	2.0	1.5	2.0	3.0	3.0	1.5	4.0	2.5	4.0	2.0	3.0	0.0	18.0	10.5	7.5	7.5
39509_human_high	39509	high	human_high	4.5	2.5	4.5	4.5	5.0	3.0	5.0	4.5	4.5	4.0	5.0	4.0	28.5	22.5	6.0	6.0
39516_human_low	39516	low	human_low	2.0	1.5	0.0	0.5	3.0	1.5	2.0	1.5	2.0	1.5	1.0	2.0	10.0	8.5	1.5	1.5
39561_human_high	39561	high	human_high	4.0	4.0	4.0	4.0	4.0	4.0	4.5	4.0	5.0	4.0	4.5	4.5	26.0	24.5	1.5	1.5
39585_human_high	39585	high	human_high	4.0	3.5	4.0	5.0	4.5	3.5	4.5	3.5	5.0	3.5	4.0	4.0	26.0	23.0	3.0	3.0
39608_human_high	39608	high	human_high	4.5	4.0	3.0	4.0	4.5	4.0	5.0	4.5	4.0	4.0	4.0	5.0	25.0	25.5	-0.5	0.5
39614_human_high	39614	high	human_high	3.0	3.0	2.0	3.0	3.0	3.0	4.0	3.5	3.0	3.0	4.0	4.0	19.0	19.5	-0.5	0.5
39615_human_low	39615	low	human_low	3.0	2.0	2.0	2.0	4.0	2.0	4.0	2.0	4.0	2.0	4.0	1.0	21.0	11.0	10.0	10.0
39635_human_high	39635	high	human_high	4.0	2.5	4.0	5.0	3.5	2.5	5.0	4.5	4.0	3.0	5.0	3.0	25.5	20.5	5.0	5.0
39648_human_low	39648	low	human_low	2.0	1.0	1.0	2.0	2.0	1.0	3.0	1.5	2.0	2.0	3.0	3.0	13.0	10.5	2.5	2.5
39650_human_high	39650	high	human_high	5.0	3.0	4.0	4.5	4.5	3.0	4.5	3.5	4.5	3.0	4.5	4.5	27.0	21.5	5.5	5.5
39663_human_high	39663	high	human_high	3.5	3.0	4.0	5.0	3.5	3.0	4.0	2.5	4.0	2.5	5.0	4.0	24.0	20.0	4.0	4.0
39684_human_high	39684	high	human_high	4.5	4.5	4.0	3.0	4.0	3.5	5.0	3.5	5.0	2.5	4.0	3.5	26.5	20.5	6.0	6.0
39695_human_low	39695	low	human_low	3.5	2.0	3.5	1.0	4.0	2.0	4.0	2.0	4.0	2.0	3.5	1.5	22.5	10.5	12.0	12.0
39701_human_low	39701	low	human_low	2.0	1.0	4.0	2.0	3.0	1.0	4.0	2.5	5.0	1.5	4.0	3.0	22.0	11.0	11.0	11.0
39715_human_high	39715	high	human_high	3.0	4.0	3.0	3.0	3.0	3.5	4.0	3.0	4.0	3.5	4.0	4.5	21.0	21.5	-0.5	0.5
39716_human_high	39716	high	human_high	3.0	3.5	3.0	3.5	4.0	3.0	4.0	3.5	5.0	3.0	4.0	3.0	23.0	19.5	3.5	3.5
39722_human_low	39722	low	human_low	3.5	1.0	3.0	2.0	4.0	1.0	4.5	2.0	5.0	1.0	4.5	3.0	24.5	10.0	14.5	14.5
39727_human_low	39727	low	human_low	2.0	1.0	1.0	1.0	3.0	1.0	3.0	1.5	3.0	1.0	3.0	4.0	15.0	9.5	5.5	5.5
39786_human_low	39786	low	human_low	2.0	1.0	3.0	1.5	3.0	2.0	4.0	2.5	5.0	2.0	4.0	1.0	21.0	10.0	11.0	11.0
39810_human_high	39810	high	human_high	2.5	3.0	3.0	2.5	3.5	3.5	4.0	3.5	5.0	4.0	4.0	4.0	22.0	20.5	1.5	1.5
39833_human_low	39833	low	human_low	3.0	1.5	1.0	1.0	3.0	2.0	4.0	2.0	2.0	1.5	2.0	1.5	15.0	9.5	5.5	5.5
39896_human_high	39896	high	human_high	4.0	3.5	3.0	5.0	5.0	4.0	4.5	4.5	4.0	4.0	4.0	5.0	24.5	26.0	-1.5	1.5
39912_human_low	39912	low	human_low	2.5	1.0	2.0	2.0	3.0	1.0	3.0	1.5	5.0	2.0	4.0	2.5	19.5	10.0	9.5	9.5
39914_human_low	39914	low	human_low	3.0	1.5	3.0	0.5	4.0	1.0	3.5	2.0	3.5	2.5	3.5	0.5	20.5	8.0	12.5	12.5
39956_human_low	39956	low	human_low	2.0	1.0	2.0	0.0	3.0	1.0	4.0	2.0	3.0	2.5	3.0	3.0	17.0	9.5	7.5	7.5
39985_human_low	39985	low	human_low	3.0	3.0	0.0	0.0	3.0	2.0	3.0	2.5	3.0	2.0	3.0	0.5	15.0	10.0	5.0	5.0
39989_human_high	39989	high	human_high	4.0	3.0	4.0	4.5	4.5	3.0	5.0	4.0	4.0	4.0	5.0	4.0	26.5	22.5	4.0	4.0
40004_human_high	40004	high	human_high	3.0	2.0	4.0	4.5	4.0	3.0	4.0	4.0	4.0	5.0	3.5	2.0	22.5	20.5	2.0	2.0
40013_human_high	40013	high	human_high	4.0	4.0	3.0	3.5	4.0	3.5	4.5	3.5	3.5	3.5	4.0	3.0	23.0	21.0	2.0	2.0
40021_human_high	40021	high	human_high	4.0	3.0	4.0	5.0	4.5	3.5	5.0	4.5	5.0	3.5	5.0	4.0	27.5	23.5	4.0	4.0
40024_human_high	40024	high	human_high	3.5	4.5	2.0	1.0	3.0	4.0	5.0	4.5	4.0	4.5	4.0	4.0	21.5	22.5	-1.0	1.0
40060_human_high	40060	high	human_high	4.0	3.5	2.0	3.5	3.5	4.0	4.5	4.0	4.0	3.5	4.0	3.5	22.0	22.0	0.0	0.0
40126_human_low	40126	low	human_low	2.5	3.0	2.0	0.0	3.0	2.0	3.5	3.0	3.0	2.0	3.0	1.0	17.0	11.0	6.0	6.0
40127_human_high	40127	high	human_high	4.0	3.0	4.0	5.0	4.0	5.0	4.0	5.0	4.0	5.0	4.0	4.5	24.0	27.5	-3.5	3.5
40130_human_high	40130	high	human_high	4.0	3.5	2.0	3.5	4.0	3.5	4.0	3.5	4.0	3.0	3.0	3.5	21.0	20.5	0.5	0.5
40134_human_high	40134	high	human_high	4.0	4.0	4.0	4.0	4.0	4.0	4.5	3.5	5.0	4.5	4.5	4.0	26.0	24.0	2.0	2.0
40140_human_high	40140	high	human_high	4.5	4.5	5.0	4.0	4.0	4.5	5.0	4.5	5.0	4.0	5.0	4.0	28.5	25.5	3.0	3.0
40173_human_high	40173	high	human_high	4.0	4.0	0.0	2.0	4.0	4.0	4.0	3.5	4.0	4.0	2.0	4.5	18.0	22.0	-4.0	4.0
40256_human_low	40256	low	human_low	3.0	1.5	0.0	4.0	4.0	1.0	3.0	1.5	2.0	2.0	3.0	0.0	15.0	10.0	5.0	5.0
40270_human_low	40270	low	human_low	2.0	1.0	1.0	1.0	3.0	1.0	3.0	2.0	3.0	1.0	2.0	3.0	14.0	9.0	5.0	5.0
40286_human_high	40286	high	human_high	4.5	5.0	5.0	5.0	4.5	4.0	5.0	4.0	4.5	2.0	5.0	3.0	28.5	23.0	5.5	5.5
40289_human_high	40289	high	human_high	4.0	3.5	3.0	3.5	4.0	3.5	4.0	3.0	3.0	3.5	4.0	3.0	22.0	20.0	2.0	2.0
40297_human_high	40297	high	human_high	4.0	2.0	3.0	3.5	4.0	4.5	4.0	2.5	4.0	4.5	4.0	4.5	23.0	21.5	1.5	1.5
40362_human_low	40362	low	human_low	3.0	1.0	2.0	3.5	4.0	1.0	2.5	1.0	4.0	1.5	3.5	2.0	19.0	10.0	9.0	9.0
40368_human_low	40368	low	human_low	2.5	1.0	0.0	0.0	3.0	1.0	3.5	3.0	2.5	1.0	3.0	2.0	14.5	8.0	6.5	6.5
40426_human_low	40426	low	human_low	2.0	0.0	4.0	0.0	3.0	0.0	2.0	0.0	4.0	0.0	3.0	0.0	18.0	0.0	18.0	18.0
40429_human_high	40429	high	human_high	2.0	2.0	4.0	5.0	3.0	3.0	4.0	4.5	5.0	4.0	4.0	4.0	22.0	22.5	-0.5	0.5
40449_human_high	40449	high	human_high	4.0	3.5	4.5	4.0	4.5	3.5	5.0	3.5	5.0	3.5	5.0	2.5	28.0	20.5	7.5	7.5
40461_human_low	40461	low	human_low	3.0	2.5	0.0	0.0	4.0	2.0	4.0	3.0	3.0	2.5	3.0	1.0	17.0	11.0	6.0	6.0
40496_human_low	40496	low	human_low	2.0	1.0	2.0	1.0	3.0	1.0	3.0	1.5	4.0	1.0	3.0	1.5	17.0	7.0	10.0	10.0
40523_human_low	40523	low	human_low	2.0	1.0	3.0	0.0	3.0	1.0	4.0	2.5	5.0	2.0	4.0	3.5	21.0	10.0	11.0	11.0
40548_human_high	40548	high	human_high	3.5	4.0	1.5	4.0	4.0	4.0	3.0	3.5	4.0	4.0	3.0	4.0	19.0	23.5	-4.5	4.5
40580_human_high	40580	high	human_high	4.0	3.5	4.0	4.5	4.0	3.5	5.0	4.0	4.0	3.5	4.0	3.0	25.0	22.0	3.0	3.0
40615_human_high	40615	high	human_high	4.0	3.0	2.0	4.0	4.0	3.5	4.0	4.0	4.0	3.0	4.0	4.0	22.0	21.5	0.5	0.5
40617_human_low	40617	low	human_low	3.0	1.0	3.0	2.0	3.5	1.0	3.5	2.0	4.0	1.5	3.5	3.0	20.5	10.5	10.0	10.0
40621_human_high	40621	high	human_high	4.0	5.0	4.0	4.0	4.0	4.5	4.5	5.0	5.0	5.0	5.0	3.0	26.5	26.5	0.0	0.0
40663_human_high	40663	high	human_high	2.5	2.5	1.0	3.0	3.0	4.0	4.0	4.0	3.5	3.0	4.0	3.0	18.0	19.5	-1.5	1.5
40676_human_high	40676	high	human_high	3.5	4.5	3.0	4.0	3.0	4.0	4.0	4.5	3.0	4.0	4.0	3.0	20.5	24.0	-3.5	3.5
40688_human_low	40688	low	human_low	2.5	1.0	0.0	1.0	3.0	2.5	4.0	2.5	3.0	2.0	2.0	0.5	14.5	9.5	5.0	5.0
40690_human_low	40690	low	human_low	2.0	1.0	4.0	3.0	3.0	1.0	4.0	2.0	4.0	1.0	4.0	2.0	21.0	10.0	11.0	11.0
40697_human_high	40697	high	human_high	5.0	3.5	3.0	3.0	5.0	3.5	5.0	3.5	4.0	3.5	4.0	3.5	26.0	20.5	5.5	5.5
40710_human_high	40710	high	human_high	3.0	3.0	4.0	4.0	3.0	3.0	4.0	3.5	4.0	3.0	4.0	3.5	22.0	20.0	2.0	2.0
40713_human_high	40713	high	human_high	4.0	4.0	2.0	4.5	3.0	3.5	4.0	4.0	4.0	4.0	3.0	3.0	20.0	23.0	-3.0	3.0
40765_human_low	40765	low	human_low	2.0	1.0	0.0	1.5	3.0	1.0	4.0	3.0	3.0	2.5	2.0	1.0	14.0	10.0	4.0	4.0
40772_human_high	40772	high	human_high	3.5	4.0	2.0	2.5	4.0	5.0	4.5	4.5	3.5	4.5	4.0	3.0	21.5	23.5	-2.0	2.0
40803_human_low	40803	low	human_low	2.0	1.0	1.0	1.0	3.0	1.0	3.0	1.5	3.0	2.0	3.0	3.5	15.0	10.0	5.0	5.0
40865_human_low	40865	low	human_low	3.0	3.0	0.0	0.0	3.0	2.0	3.0	2.5	2.0	1.5	2.0	0.0	13.0	9.0	4.0	4.0
40869_human_low	40869	low	human_low	3.0	2.0	0.0	1.0	3.0	2.0	4.0	2.0	2.5	2.5	2.5	1.0	15.0	10.5	4.5	4.5
40887_human_low	40887	low	human_low	2.0	1.0	0.0	2.5	3.0	1.0	3.0	2.0	2.0	1.5	2.0	0.0	12.0	8.0	4.0	4.0
40898_human_low	40898	low	human_low	3.0	2.0	0.0	0.0	3.0	2.0	3.5	2.5	3.0	2.5	2.5	2.0	15.0	11.0	4.0	4.0
40906_human_low	40906	low	human_low	3.0	1.0	1.0	2.0	4.0	1.0	4.0	2.5	4.0	1.5	3.0	2.5	19.0	10.5	8.5	8.5
40926_human_low	40926	low	human_low	3.0	2.0	1.0	1.0	3.0	2.0	3.0	2.5	2.0	2.0	2.0	1.0	14.0	10.5	3.5	3.5
40929_human_low	40929	low	human_low	2.0	0.5	1.0	0.5	3.0	0.5	3.0	0.5	3.0	0.5	2.0	0.5	14.0	3.0	11.0	11.0
40943_human_high	40943	high	human_high	4.0	4.0	2.0	2.5	4.0	4.0	4.0	3.5	3.0	4.5	3.0	3.0	20.0	21.5	-1.5	1.5
40975_human_high	40975	high	human_high	2.5	3.5	1.0	3.0	3.0	3.0	4.0	3.5	3.0	4.0	2.0	4.0	15.5	21.0	-5.5	5.5
40978_human_low	40978	low	human_low	2.5	1.0	0.0	3.5	3.0	1.0	3.0	2.5	3.0	2.5	3.0	0.0	14.5	10.5	4.0	4.0
41011_human_low	41011	low	human_low	2.0	1.0	3.0	1.0	3.0	1.0	3.5	2.0	4.0	1.5	3.0	3.0	18.5	9.5	9.0	9.0
41022_human_high	41022	high	human_high	4.0	3.0	4.0	1.5	4.0	3.5	4.0	4.0	5.0	3.5	4.0	4.5	25.0	20.0	5.0	5.0
41023_human_high	41023	high	human_high	4.0	3.5	2.0	2.5	3.5	3.0	5.0	4.0	4.0	4.0	4.0	2.5	22.5	19.5	3.0	3.0
41088_human_high	41088	high	human_high	4.0	4.0	2.0	3.0	4.0	3.5	4.0	3.5	4.0	3.5	4.0	3.0	22.0	20.5	1.5	1.5
41093_human_low	41093	low	human_low	2.0	1.0	2.0	1.5	3.0	1.0	3.0	1.0	3.0	1.5	3.0	2.0	16.0	8.0	8.0	8.0
41096_human_low	41096	low	human_low	1.0	1.0	0.0	0.0	2.0	1.5	3.0	2.5	3.0	1.5	2.0	2.0	11.0	8.5	2.5	2.5
45015_human_high	45015	high	human_high	4.0	3.0	3.0	2.5	4.0	4.0	4.0	3.0	3.0	3.0	4.0	4.5	22.0	20.0	2.0	2.0
45044_human_low	45044	low	human_low	2.0	1.0	1.0	0.0	3.0	2.5	4.0	3.0	4.0	2.0	3.0	0.5	17.0	9.0	8.0	8.0
45059_human_high	45059	high	human_high	3.5	1.5	4.0	4.5	4.0	3.0	4.5	4.0	5.0	3.5	5.0	4.5	26.0	21.0	5.0	5.0
45075_human_low	45075	low	human_low	2.0	1.0	0.0	0.0	2.0	1.0	2.5	1.0	2.0	1.0	1.5	0.0	10.0	4.0	6.0	6.0
45078_human_low	45078	low	human_low	3.5	1.0	4.0	3.5	3.5	1.0	4.0	2.0	4.0	1.5	4.0	2.0	23.0	11.0	12.0	12.0
45081_human_high	45081	high	human_high	4.0	4.0	2.0	1.5	4.0	4.0	4.0	4.0	4.0	3.5	3.0	3.0	21.0	20.0	1.0	1.0
45124_human_low	45124	low	human_low	4.0	1.5	2.0	2.0	3.0	1.0	4.0	1.5	4.0	1.5	3.0	2.0	20.0	9.5	10.5	10.5
45141_human_high	45141	high	human_high	4.0	3.5	4.0	4.5	4.0	3.0	5.0	4.0	4.0	3.5	5.0	4.0	26.0	22.5	3.5	3.5
45169_human_high	45169	high	human_high	3.0	2.0	4.0	5.0	4.0	3.0	4.0	3.5	4.0	3.5	4.0	4.0	23.0	21.0	2.0	2.0
45186_human_high	45186	high	human_high	4.0	2.0	4.0	5.0	4.0	2.5	4.5	3.5	5.0	3.0	4.0	4.0	25.5	20.0	5.5	5.5
45241_human_low	45241	low	human_low	4.0	1.5	4.0	2.0	4.0	1.5	4.0	1.5	5.0	1.5	3.0	3.0	24.0	11.0	13.0	13.0
45268_human_low	45268	low	human_low	2.0	1.5	0.0	0.0	3.0	2.0	3.0	1.5	2.0	1.5	2.0	1.5	12.0	8.0	4.0	4.0
45279_human_high	45279	high	human_high	4.0	3.5	2.0	2.5	4.0	3.5	4.0	3.5	3.0	4.0	3.0	4.0	20.0	21.0	-1.0	1.0
45355_human_high	45355	high	human_high	4.0	4.5	4.0	5.0	4.0	4.5	5.0	4.5	4.0	4.5	5.0	5.0	26.0	28.0	-2.0	2.0
45357_human_low	45357	low	human_low	1.0	1.0	3.0	3.5	2.0	1.0	3.0	1.0	3.0	1.5	3.0	2.5	15.0	10.5	4.5	4.5
45389_human_low	45389	low	human_low	3.0	1.5	2.0	0.5	3.0	1.0	4.0	1.5	4.0	2.0	3.0	2.5	19.0	9.0	10.0	10.0
45519_human_low	45519	low	human_low	3.0	2.0	2.0	0.0	3.0	2.5	3.5	2.5	3.5	2.5	3.0	1.5	18.0	11.0	7.0	7.0
45531_human_low	45531	low	human_low	2.0	1.5	2.0	1.0	3.0	2.0	4.0	2.5	4.0	2.0	3.0	2.0	18.0	11.0	7.0	7.0
45576_human_high	45576	high	human_high	4.0	3.5	4.0	2.5	5.0	3.5	5.0	3.5	5.0	3.5	5.0	4.0	28.0	20.5	7.5	7.5
45638_human_low	45638	low	human_low	2.5	1.0	4.0	0.0	3.0	1.0	4.5	2.0	3.0	1.0	4.0	3.0	21.0	8.0	13.0	13.0
45667_human_low	45667	low	human_low	2.5	1.5	0.0	1.0	3.0	1.5	3.0	3.0	3.0	2.0	1.0	2.0	12.5	11.0	1.5	1.5
45746_human_low	45746	low	human_low	2.0	1.0	1.0	0.0	2.0	1.0	3.0	2.0	2.0	1.0	3.0	3.0	13.0	8.0	5.0	5.0
45996_human_low	45996	low	human_low	3.0	1.0	4.0	4.0	4.0	1.0	4.0	1.0	4.0	1.0	4.0	3.0	23.0	11.0	12.0	12.0
46003_human_high	46003	high	human_high	3.0	2.0	2.0	5.0	4.0	3.0	4.0	4.0	4.0	4.0	3.0	4.5	20.0	22.5	-2.5	2.5
46034_human_low	46034	low	human_low	3.0	1.0	3.0	0.0	3.5	1.5	4.0	2.0	4.0	3.0	4.0	1.5	21.5	9.0	12.5	12.5
46108_human_low	46108	low	human_low	2.0	1.0	4.0	3.5	3.0	1.0	4.0	2.5	4.0	1.5	4.0	1.5	21.0	11.0	10.0	10.0
46249_human_low	46249	low	human_low	2.0	2.0	3.0	0.5	3.0	1.5	4.0	2.5	3.0	2.5	3.0	1.0	18.0	10.0	8.0	8.0
46255_human_low	46255	low	human_low	4.0	1.0	3.0	1.5	4.0	1.0	4.0	2.0	5.0	1.5	4.0	3.0	24.0	10.0	14.0	14.0
46260_human_high	46260	high	human_high	3.0	2.0	4.0	4.0	3.0	4.0	4.0	5.0	4.0	5.0	5.0	4.0	23.0	24.0	-1.0	1.0
46273_human_low	46273	low	human_low	2.0	1.0	0.0	1.0	3.0	1.0	3.0	1.0	2.0	1.0	2.0	1.5	12.0	6.5	5.5	5.5
46276_human_low	46276	low	human_low	2.0	1.5	2.0	0.0	3.0	3.0	4.0	2.5	4.0	4.0	3.0	0.0	18.0	11.0	7.0	7.0
46288_human_low	46288	low	human_low	2.0	1.0	2.0	2.5	3.0	1.0	3.0	1.5	3.0	1.0	2.0	2.5	15.0	9.5	5.5	5.5
46290_human_low	46290	low	human_low	3.0	2.0	3.0	2.0	4.0	2.0	4.0	1.0	3.0	2.0	4.0	2.0	21.0	11.0	10.0	10.0
46321_human_high	46321	high	human_high	4.0	3.0	2.0	5.0	3.0	2.5	4.0	3.0	4.0	4.0	3.0	3.5	20.0	21.0	-1.0	1.0
46479_human_high	46479	high	human_high	4.5	3.0	5.0	3.5	4.0	3.0	5.0	3.0	4.0	3.0	5.0	4.0	27.5	19.5	8.0	8.0
46597_human_high	46597	high	human_high	4.0	4.0	5.0	4.0	4.0	3.0	5.0	4.0	5.0	3.0	5.0	4.5	28.0	22.5	5.5	5.5
46626_human_low	46626	low	human_low	2.0	2.0	0.0	0.5	3.0	2.0	3.0	3.0	4.0	2.0	2.0	0.5	14.0	10.0	4.0	4.0
46656_human_high	46656	high	human_high	4.0	5.0	5.0	4.5	4.0	5.0	5.0	4.0	5.0	5.0	5.0	5.0	28.0	28.5	-0.5	0.5
46687_human_low	46687	low	human_low	2.0	1.0	3.0	1.0	3.0	1.0	4.0	3.0	3.0	1.0	4.0	4.0	19.0	11.0	8.0	8.0
46699_human_low	46699	low	human_low	3.0	1.0	3.0	0.0	4.0	2.0	4.0	2.5	4.5	3.0	4.0	0.0	22.5	8.5	14.0	14.0
46705_human_low	46705	low	human_low	2.0	1.5	0.0	0.5	3.0	1.5	3.0	3.0	3.0	2.5	2.0	1.5	13.0	10.5	2.5	2.5
46711_human_high	46711	high	human_high	4.0	4.0	0.0	3.5	4.0	4.0	4.0	4.0	4.0	4.0	3.0	4.5	19.0	24.0	-5.0	5.0
46724_human_low	46724	low	human_low	2.0	1.5	3.0	2.0	2.5	1.5	3.0	2.0	4.0	2.5	3.0	0.5	17.5	10.0	7.5	7.5
46743_human_low	46743	low	human_low	2.5	0.0	0.0	0.0	3.0	0.0	3.0	0.0	2.0	0.0	3.0	0.0	13.5	0.0	13.5	13.5
46771_human_high	46771	high	human_high	3.0	2.0	3.0	4.5	4.0	3.0	4.0	3.5	4.0	3.0	4.0	4.5	22.0	20.5	1.5	1.5
46946_human_low	46946	low	human_low	2.0	1.0	0.0	2.0	3.0	1.0	4.0	2.5	3.0	2.0	3.0	1.0	15.0	9.5	5.5	5.5
46998_human_high	46998	high	human_high	4.5	4.0	2.0	3.0	4.0	3.5	4.0	3.0	3.0	4.0	3.0	2.0	20.5	19.5	1.0	1.0
47002_human_high	47002	high	human_high	4.0	2.5	0.0	4.0	3.0	2.5	4.0	3.5	4.0	3.0	3.0	4.0	18.0	19.5	-1.5	1.5
47010_human_low	47010	low	human_low	3.0	1.5	0.0	0.5	4.0	1.5	3.0	3.5	2.0	2.0	2.0	1.0	14.0	10.0	4.0	4.0
47046_human_low	47046	low	human_low	2.0	1.5	0.0	0.0	3.0	1.0	3.0	1.5	2.0	1.5	1.0	0.0	11.0	5.5	5.5	5.5
47068_human_low	47068	low	human_low	2.0	1.0	1.0	2.0	3.0	1.0	4.0	1.5	4.0	2.5	3.0	2.0	17.0	10.0	7.0	7.0
47099_human_high	47099	high	human_high	3.0	3.5	2.0	4.0	3.0	3.0	4.0	2.5	3.0	3.5	3.0	3.0	18.0	19.5	-1.5	1.5
47123_human_low	47123	low	human_low	1.0	1.0	0.0	3.0	3.0	1.0	3.0	2.0	4.0	1.0	3.0	3.0	14.0	11.0	3.0	3.0
